partycode,partyname,partyheadquartersaddr,secretaryname,contactpersonname,contactpersonmobilephone,contactpersonemail
AAFI,Australians Against Further Immigration (NSW Branch),6240 Sage Way,Audrey Meininger,Perle McCarron,4802278933,pmccarron0@nature.com
AAP,Advance Australia Party,9 Menomonie Center,Michelle Daws,Ermentrude Neeve,5583730885,eneeve1@lulu.com
AAHP,Australian Affordable Housing Party,6930 Dexter Trail,Trista Jiroutek,Gilli Cochrane,3231725478,gcochrane2@geocities.com
AAPP,Australian Antipaedophile Party from 2016,3706 Alpine Trail,Manon Gatus,Lorne Tossell,1306813924,ltossell3@census.gov
ABF,A Better Future For Our Children,3 Hoard Plaza,Eustacia Emby,Farrand Morot,1004706543,fmorot4@jalbum.net
ABR,Australian Bill of Rights Group,421 Service Street,Constanta Tipper,Beverlee Reoch,9315055704,breoch5@wired.com
ACH,Australian Christian Heritage-Christian Democratic Party,5 Lighthouse Bay Point,Worthy Strickler,Wynn Tender,9064952030,wtender6@amazonaws.com
ACP,Australian Conservatives,7741 Vera Park,Milli Demangeot,Elbert Frift,8962195060,efrift7@lycos.com
ACS,Abolish Child Support/Family Court Party,3 Hooker Avenue,Russell Popham,Bronny Emsden,6591868029,bemsden8@pbs.org
ADP,The Aged and Disability Pensioners Party,2 Hanson Drive,Obadias Thomton,Othello Alesbrook,9295825829,oalesbrook9@addtoany.com
ADVP,Australian Defence Veterans Party,6307 Dryden Junction,Yulma Balls,Ambrosio Simka,8658663889,asimkaa@usa.gov
AED,The Australian Ethnic Democrats,08899 Sage Place,Mattie Janecki,Hendrik Martinelli,8119321515,hmartinellib@time.com
AEQ,Australian Equality Party (Marriage),21463 John Wall Place,Nicol Proffer,Phyllys Peschka,8151377216,ppeschkac@i2i.jp
AF,Australia First,95076 Drewry Road,Mozelle McGreal,Samuele Scorah,4054715656,sscorahd@admin.ch
AFI,Australians Against Further Immigration,322 Birchwood Terrace,Irita Ortes,Bendick Gauford,3491484539,bgauforde@ow.ly
AFLP,Australian Fishing and Lifestyle Party,8 Judy Road,Gasper De Ambrosi,Kamillah Eyree,5623606204,keyreef@aol.com
AFM,Australian Family Movement,9987 Oak Valley Circle,Barclay Weiser,Antone Guiso,2687669864,aguisog@domainmarket.com
AFN,Australia First Party (NSW) Incorporated,166 Maywood Drive,Evaleen Will,Amandie Mugleston,4139455831,amuglestonh@ox.ac.uk
AGP,Australian Gruen Party,64 Blackbird Street,Neil Creaney,Sacha Mackley,9911951202,smackleyi@ycombinator.com
AIN,Australian Independents,97781 Pleasure Terrace,Phil Wyley,Rebecka Graddell,1211662982,rgraddellj@dropbox.com
AIP,Australia's Indigenous Peoples Party,59759 Forster Parkway,Marshal Foy,Juan Marley,9785920377,jmarleyk@engadget.com
AJP,Animal Justice Party,0 Dexter Court,Cindy Holley,Rog Belbin,4457629743,rbelbinl@microsoft.com
ALA,Australian Liberty Alliance,84 Farmco Alley,Ailee Tulk,Lynda Hawkswell,4056355793,lhawkswellm@google.com.br
ALP,Australian Labor Party (ALP),0 Darwin Hill,Rosa Otteridge,Lucien Blabber,2357838568,lblabbern@columbia.edu
AMHP,The Australian Mental Health Party,34463 Ryan Park,Drucill Primo,Vinni Varfolomeev,4517732741,vvarfolomeevo@woothemes.com
AMEP,Australian Motoring Enthusiast Party,2966 Golf View Park,Munmro Langer,Dael Hierro,6195439592,dhierrop@hugedomains.com
ANTI-COM LAB,Australian Labor Party (Anti-Communist),84606 Porter Pass,Nappie Dumper,Esther O'Flannery,2002633863,eoflanneryq@hatena.ne.jp
ANTI-SOC,Anti-Socialist Party,87666 Sundown Circle,Grace Dominka,Fulton Le Ball,7193456268,fler@1688.com
AP,Australia Party,555 Kensington Street,Dori Heiden,Polly Goodyer,5711054597,pgoodyers@nyu.edu
APA,Australian Progressive Alliance,0026 Ramsey Center,Corri Ellissen,Bobbee Reightley,4344450097,breightleyt@people.com.cn
ARF,Australian Recreational Fishers Party,1 Tomscot Park,Wilbert Oneil,Ugo Trundle,1639794307,utrundleu@bloglines.com
APEP,Australian People's Party,8401 Fairview Drive,Maureen Bellhanger,Cherry Gibbett,9057422433,cgibbettv@independent.co.uk
APP,Australian Protectionist Party,19544 Eliot Avenue,Gina Corradini,Gradeigh Buckthorp,5287531230,gbuckthorpw@mayoclinic.com
ARP,Australian Reform Party,2155 Kennedy Trail,Vick Mitchener,Christoph Bohlsen,1933227014,cbohlsenx@businessweek.com
ARTS,The Arts Party,87 Macpherson Pass,Gaspard Tolle,Farrel McGettigan,8001507454,fmcgettigany@privacy.gov.au
ASG,Abolish Self Government Coalition,563 John Wall Circle,Charlene McGenis,Culver Wark,9581431000,cwarkz@ow.ly
ASP,"Shooters, Fishers and Farmers Party from 2016",497 Red Cloud Trail,Ramona Rillatt,Reggie Gooda,4234465324,rgooda10@dailymotion.com
ASXP,Australian Sex Party,9 Sauthoff Trail,Lauralee Ridgedell,Yorgos Woolvin,6583208715,ywoolvin11@businessweek.com
AUC,Australian Christians,4554 Banding Terrace,Neile Illingsworth,Joe Bennedsen,1845691067,jbennedsen12@shareasale.com
AUP,Australian Progressives,578 Dayton Hill,Anissa Levesley,Dania Phlippsen,7295300689,dphlippsen13@examiner.com
AWP,Australian Workers Party,9 Carey Road,Nolana Blanko,Nathaniel Simms,9205558766,nsimms14@google.co.uk
BAP,Building Australia Party,0 Waywood Park,Arlan Herries,Harrie Tarpey,8684105572,htarpey16@reuters.com
BRP,Bank Reform Party till 2013,4 Dahle Crossing,Gabbi Le Strange,Noak Llewelly,6884842604,nllewelly17@cdbaby.com
BTA,Bullet Train For Australia,756 Manufacturers Pass,Keefe Jervoise,Spenser Finders,4473085516,sfinders19@ameblo.jp
C PROG,Country Progressive Party,7 Lawn Parkway,Candis Romanelli,Patricia Fouracres,4202566713,pfouracres1a@prweb.com
CA,Carers Alliance,74567 Oakridge Center,Fara Doyle,Alvira Vila,5329654973,avila1b@topsy.com
CAL,Communist Alliance,2 Hoepker Lane,Nanine Pauls,Kyle Lucey,8984718836,klucey1c@amazon.co.uk
CAP,The Confederate Action Party of Australia,5 Sachs Street,Gabbie Pomery,Davy Middlemiss,3335264364,dmiddlemiss1d@studiopress.com
CCA,City Country Alliance,322 Tennyson Avenue,Alva Doherty,Laurene Gwioneth,9178193561,lgwioneth1e@spiegel.de
CCC,Climate Change Coalition,782 Wayridge Way,Jed Hartless,Maighdiln Dibden,8861311214,mdibden1f@rambler.ru
CCE,Conservatives for Climate and Environment Incorporated,16 South Pass,Petey McNellis,Leonerd Maffia,1128127400,lmaffia1g@yolasite.com
CCG,Central Coast Green Party,6341 Johnson Avenue,Carlota Folbig,Gilbertina Vedyashkin,3386826591,gvedyashkin1h@gov.uk
CDP,Christian Democratic Party (Fred Nile Group),30 Schmedeman Street,Alexander Yerson,Peggi Obin,5511267852,pobin1i@ebay.com
CEC,Citizens Electoral Council of Australia,5598 Steensland Hill,Ondrea Dumke,Brynn Cardinal,9783834625,bcardinal1j@biblegateway.com
CEG,Citizens Electoral Councils of Australia Group,1348 Eggendart Center,Ethel Heinz,Cheslie Flanner,4075437159,cflanner1k@ameblo.jp
CG,Cowper Greens,6516 Spaight Center,Tallou Janak,Creighton Levi,3746254658,clevi1l@upenn.edu
CIR,Pensioner & C.I.R. Alliance,958 Rieder Avenue,Oriana Gouldthorpe,Tandie O'Connor,5517748627,toconnor1m@blogs.com
CLA,Curtin Labor Alliance,58 Loomis Lane,Neill Gudgion,Arny Pampling,6219637636,apampling1n@huffingtonpost.com
CLP,Country Liberals (Northern Territory),71 Sage Pass,Gratiana Lanphere,Arlena Biddlestone,4176601588,abiddlestone1o@t-online.de
CLR,Country Labor Party,26 Lakewood Gardens Drive,Tasha Gosney,Korrie Simmons,8075304684,ksimmons1p@rediff.com
CM,CountryMinded,4 Shopko Circle,Bettye Milne,Shellysheldon Shirtliff,5318606862,sshirtliff1q@amazon.co.jp
CNP,Country Nationalist Party,675 Coolidge Way,Tyler Ennever,Nonna Petyakov,9468440066,npetyakov1r@parallels.com
COM,Communist Party,9 Starling Way,Zsa zsa Filliskirk,Alano Swain,6802749561,aswain1s@soup.io
COK,Coke in the Bubblers,2 Mcguire Street,Erl Ivashintsov,Jarrid Really,1665759785,jreally1t@gizmodo.com
CYA,Australian Country Party,0153 Fairview Court,Cordy Witheford,Kiel Hewell,2574358870,khewell1u@bluehost.com
CPA,Communist Party of Australia,2 Spohn Plaza,Matty Enterlein,Marybeth Bowstead,2328955727,mbowstead1v@usda.gov
CRNT,Consumer Rights & No-Tolls,97 Heffernan Pass,Wildon Simpole,Zack Mordaunt,7914297126,zmordaunt1w@craigslist.org
CTA,Call to Australia (Fred Nile) Group,1128 Barby Way,Bianka Sextie,Adeline Cawkill,9452524110,acawkill1x@cornell.edu
CVP,Conservative Party of Australia,33 Summit Drive,Aleksandr Jelly,Addia Berends,3618253949,aberends1y@sciencedirect.com
CYC,Australian Cyclists Party,04 Del Sol Pass,Riki Kryszka,Giacobo Jossum,5903932810,gjossum1z@etsy.com
DEM,Australian Democrats,13023 Charing Cross Terrace,Virgil Freckingham,Maryann Beaby,3989648118,mbeaby20@macromedia.com
DEP,Defence and Ex-Services Party of Australia,0 Grover Lane,Elora Ber,Thain Ivamy,9424244946,tivamy21@newsvine.com
DLP,Democratic Labor Party (DLP) 1984 to 2013,6780 Esch Court,Rafael Rodger,Maribeth Gaffey,9825865472,mgaffey22@springer.com
DHJP,Derryn Hinch's Justice Party,4562 Lerdahl Trail,Nikkie Martello,Delbert Eberdt,6411479746,deberdt23@unicef.org
DRF,Drug Law Reform Australia,15273 Loomis Lane,Stephannie Shillaber,Wyatan Giraudy,6869180220,wgiraudy25@google.com.hk
DSA,Deadly Serious Party of Australia,01 Petterle Court,Delphinia Hamblyn,Riva Paul,6234711684,rpaul26@yelp.com
DSL,Democratic Socialist Electoral League,25182 American Lane,Adelice Pigeram,Emylee Morrott,7941120249,emorrott27@oaic.gov.au
DSP,Democratic Socialist Party,59378 Mitchell Point,Wylie Poppy,Rosco McElane,5952769072,rmcelane28@bluehost.com
EC,Emergency Committee,19 Sunfield Park,Freemon Kuschke,Robinia Aldus,8075824416,raldus29@senate.gov
EFF,Independent EFF,4725 Larry Crossing,Justus Haslen,Otto Berntsson,7158444764,oberntsson2a@tuttocitta.it
EFN,Environmentalists for Nuclear Energy Australia Incorporated,36 Eggendart Circle,Doretta Curnnokk,Aurelea Poel,7102936962,apoel2b@shareasale.com
EI,Irina Dunn Environment Independents,12 Artisan Court,Eberhard Skough,Ninetta Bushell,5066273405,nbushell2c@newyorker.com
ESG,Eastern Suburbs Greens,9852 Continental Junction,Donni Coggins,Beaufort Cayzer,2781692416,bcayzer2d@topsy.com
FFP,Family First Party,01118 Anniversary Court,Carlee Andren,Chicky Hassin,6633400769,chassin2e@surveymonkey.com
FLP,Federal Labor Party,8 Pond Center,Joy Bett,Tova Avesque,2312361358,tavesque2f@stumbleupon.com
FLR,Family Law Reform Party,49139 Kropf Alley,Bernardine Ewbanche,Danika Blinckhorne,3438677598,dblinckhorne2g@vkontakte.ru
FLUX,VOTEFLUX.ORG | Upgrade Democracy!,9 Alpine Court,Quillan Boughtflower,Glenine Tanby,9854104365,gtanby2h@live.com
FNPP,Australia's First Nations Political Party,97 Parkside Road,Moira Stirland,Jackqueline Parradice,1047411592,jparradice2i@theglobeandmail.com
FPA,The Federal Party of Australia,85219 Jenifer Park,Aryn Hanratty,Myra McKeon,2032089453,mmckeon2j@icq.com
FPY,The Fishing Party,8142 Express Point,Jermaine Posner,Olivier Bootman,7003725372,obootman2k@phoca.cz
FST,Australia First Party,363 Pine View Way,Kay Brailey,Maryjo Bartelet,8515362643,mbartelet2l@reddit.com
FT,Free Trade,68256 Rieder Point,Jaquelin Merring,Guenna Coulbeck,3526822646,gcoulbeck2m@cloudflare.com
FUT,Science Party,20655 Mockingbird Avenue,Felice Ghilks,Merla Blakeway,2572051247,mblakeway2n@pen.io
GA,Green Alliance Senate - New South Wales,5329 Continental Pass,Justis Parysowna,Catarina Reardon,2601753809,creardon2o@aboutads.info
GDA,ACT Green Democratic Alliance,9992 Muir Lane,Gwynne Tatem,Ursula Latham,9285920508,ulatham2p@reuters.com
GLO,Greens in Lowe,480 Glendale Avenue,Shana Saynor,Halette Leyson,8419080560,hleyson2q@techcrunch.com
GLT,Glenn Lazarus Team,2 Canary Parkway,Konstantine Braunter,Amalea Drewry,4553266874,adrewry2r@prlog.org
GRN,Australian Greens,390 Brown Street,Gwendolyn Pentecost,Nicki Clemmen,1384105261,nclemmen2s@nps.gov
GRY,Grey Power,4 Saint Paul Center,Rolando Janousek,Trude Tourville,7766499590,ttourville2t@youtu.be
GSA,The Green Party South Australia,45 John Wall Pass,Caz Dovington,Sabina Worrall,4566063061,sworrall2u@wp.com
GWA,The Greens (WA) Inc,11161 Coleman Park,Dell Menlove,Turner Arkle,5649990558,tarkle2v@hugedomains.com
GVIC,The Australian Greens - Victoria,08812 Westport Center,Ware Speedy,Merle Andriveaux,2095127253,mandriveaux2w@bloglines.com
HAN,One Nation,61003 Loeprich Avenue,Rancell Varian,Cy Cristofalo,9739019489,ccristofalo2x@t.co
HAR,Tasmanian Independent Senator Brian Harradine Group,223 Blaine Park,Arda Fike,Berty Dibdin,9102043756,bdibdin2y@va.gov
HMP,Help End Marijuana Prohibition (HEMP) Party,038 Northview Junction,Dillie Mabson,Dix Ferre,3824978069,dferre2z@furl.net
HOV,Hear Our Voice,255 Warner Trail,Vitoria Dominey,Freddie Badsworth,2274472590,fbadsworth30@phoca.cz
HPA,Hope Party Australia,876 Kingsford Way,Frans Othick,Luigi Athowe,4607468737,lathowe31@arstechnica.com
IG,Illawarra Greens,27 Comanche Lane,Tabbie Croux,Lexi Benois,2111927150,lbenois32@domainmarket.com
IMO,Involuntary Medication Objectors (Vaccination/Flouride) Party,0264 Russell Place,Karry Bruineman,Garreth Walcher,7553224170,gwalcher33@purevolume.com
IND,Independent,459 Miller Road,Yolanthe Sawl,Conrade Landsberg,6505224184,clandsberg34@twitter.com
IND LAB,Independent Labor,7824 Tennyson Circle,Immanuel Paoloni,Ario Bertomeu,8876067187,abertomeu35@google.com
IND NAT,Independent Nationalist,3718 International Terrace,Kailey Mitcham,Lindsey Leuren,7929483666,lleuren36@desdev.cn
IND PROT,Independent Protectionist,71 Columbus Terrace,Yolanda O'Connolly,Evelyn Ateggart,1034373552,eateggart37@example.com
JLN,Jacqui Lambie Network,4996 Monument Crossing,Lucienne Kirwin,Lindsay Robillart,3461694090,lrobillart38@free.fr
JMP,John Madigan's Manufacturing and Farming Party,9 Montana Trail,Lanny Chieco,Port Ramsdell,6348200122,pramsdell39@cdc.gov
JPI,Janet Powell Independents' Network,050 Glacier Hill Drive,Adara Govier,Kelila Hartup,3996648818,khartup3a@cpanel.net
KAP,Katter's Australian Party,7 Scofield Drive,Dougy Nazareth,Sheri Pulster,5425531702,spulster3b@purevolume.com
LABOR,Australian Labor Party (N.S.W. Branch),52567 Linden Terrace,Dulci Womersley,Tansy Duplan,8853727528,tduplan3c@wunderground.com
LANG LAB,Lang Labor Party,696 Fuller Drive,Esteban Tapley,Lanita Sidden,1002558005,lsidden3d@blogtalkradio.com
LAOL,Love Australia or Leave,8928 Sycamore Court,Agneta Sieve,Sela Peet,1944030959,speet3e@shutterfly.com
LCL,Liberal Country League,36013 Brentwood Lane,Jaimie Reiling,Harman Simonel,6751029518,hsimonel3f@phoca.cz
LDP,Liberal Democratic Party,773 Golf Course Junction,Dorise Sapwell,Teddy Trelevan,9308690720,ttrelevan3g@shop-pro.jp
LEF,Lower Excise Fuel and Beer Party,92314 Steensland Circle,Carlin De Marchi,Loraine Hold,6552059557,lhold3h@europa.eu
LFF,liberals for forests,97291 Barnett Plaza,Alphonse Doxey,Gabie Carnow,3551525674,gcarnow3i@unicef.org
LIB,Liberal Party (pre 1945),31001 8th Street,Giles Stanlack,Conway Chevalier,3673521610,cchevalier3j@cdbaby.com
LIB DEM,Liberal Democrats (1940s),1 Knutson Junction,Ashley O'Cullinane,Willem Bullingham,5307178094,wbullingham3k@instagram.com
LM,Liberal Movement,267 Everett Drive,Delano Andrzejak,Jeffrey Dagger,7129486606,jdagger3l@state.gov
LNC,Liberal/National Coalition (in summary tables),52 Algoma Road,Zola Benois,Prudi Burgill,2321431963,pburgill3m@bbb.org
LNP,Liberal/National Party (joint Senate groups),858 Barby Terrace,Bradly Ragg,Osbert Shitliff,4406204021,oshitliff3n@squarespace.com
LNQ,Liberal National Party of Queensland (2010 federal election),8083 Prentice Street,Marshal Rymmer,Selene Fabri,1165638272,sfabri3p@washingtonpost.com
LP,Liberal Party of Australia,930 Butterfield Terrace,Georgena Nussgen,Carney Januszewski,3394396761,cjanuszewski3q@nydailynews.com
MAP,Mature Australia Party,56 Weeping Birch Terrace,Caterina Livock,Griffie Stonuary,7553059720,gstonuary3r@example.com
MGP,The MacArthur Gruen Party,81594 Orin Lane,Martie Gerardot,Dulcinea Riccard,2538036991,driccard3s@shinystat.com
MILL,The 23 Million,87 Londonderry Place,Peri Karpe,Clotilda Attac,7712602720,cattac3t@mlb.com
NAN,Common Cause - No Aircraft Noise,6880 Clarendon Avenue,Rhetta Sherbrook,Riley Towlson,3381008082,rtowlson3u@51.la
NAT,Nationalist Party,8 Bonner Street,Woodie Brittoner,Mary Forten,6467252433,mforten3v@ifeng.com
NAT & FARMERS,unknown,41 Sheridan Hill,Pincus Sheekey,Ardella Joutapaitis,1219966524,ajoutapaitis3w@arstechnica.com
NCO,New Country Party,18444 Bellgrove Junction,Jermain Swanton,Elijah Tomson,9952441956,etomson3x@hostgator.com
NCP,National Country Party of Australia (WA),201 Nobel Hill,Erny Dietzler,Bertina Tripean,2305344163,btripean3y@pbs.org
NDP,Nuclear Disarmament Party of Australia,2114 Harper Drive,Erminie Ege,Allyn Coulthard,6644527382,acoulthard40@netscape.com
NGST,No Goods and Services Tax Party,5 Union Way,Melvin Vanin,Berky Lindenfeld,8769544603,blindenfeld41@redcross.org
NL,National Labor,348 Brentwood Avenue,Tawsha Lawday,Ammamaria Brockhurst,9035809187,abrockhurst42@latimes.com
NLP,Natural Law Party,855 Grim Pass,Bill Britnell,Charita Willeson,1703189006,cwilleson43@mozilla.com
NMP,Health Australia Party from 2015,21372 Hagan Drive,Felipa Comerford,Frayda McCombe,4307233556,fmccombe44@unicef.org
NP,National Party of Australia,88001 Cardinal Circle,Eliot Happs,Belva Niemetz,1532534001,bniemetz45@ameblo.jp
OAM,One Australia Movement,5 Farragut Crossing,Arlena Keddey,Murdoch Stallan,9399295944,mstallan46@mac.com
OAP,One Australia Party,9094 Cody Trail,Christy Rosbotham,Marylin Hansell,1711882586,mhansell47@washingtonpost.com
OCF,Helen Caldicott's - Our Common Future Party,765 Marquette Alley,Fidelity Aysh,Hurley Traill,8173150790,htraill48@msu.edu
ODR,Outdoor Recreation Party (Stop The Greens),963 2nd Lane,Dulcie Defrain,Devlen Bea,6989546595,dbea49@elegantthemes.com
ON,Pauline Hanson's One Nation from 2015,76 Buell Crossing,Berkie Heasley,Pen Bench,4506840240,pbench4a@sogou.com
ONQ,One Nation Queensland Division,67 Esker Parkway,Belia Fasse,Noel Sappell,3835202179,nsappell4b@home.pl
ONWA,One Nation Western Australia,5 1st Center,Stacee Matfield,Gilbert Dayborne,7704407520,gdayborne4c@loc.gov
OPA,One Parliament for Australia,6 Grim Parkway,Stevena McTavy,Luce Moiser,8934108839,lmoiser4d@thetimes.co.uk
ORP,Outdoor Recreation Party (2001-04 elections),041 Colorado Way,Richardo Hastin,Ketty Elvin,4908005384,kelvin4e@csmonitor.com
OTH,"Other, including Independents",87 Wayridge Lane,Mikkel Yetman,Fidel Stiegers,3116219134,fstiegers4f@feedburner.com
PAI,Peter Andren Independent Group,91766 Dottie Center,Jerome Crennan,Lloyd Rumgay,6611951103,lrumgay4g@deliciousdays.com
PCA,Phil Cleary - Independent Australia,804 Toban Place,Jori Spracklin,Valene Pinckney,2787418497,vpinckney4h@addthis.com
PEO,People Power,402 Chive Avenue,Skipper Cribbott,Janet Parkhouse,7487285709,jparkhouse4i@over-blog.com
PIR,Pirate Party Australia,1 Farwell Lane,Toiboid Ames,Lilias Podbury,1597540387,lpodbury4j@g.co
PLP,Progressive Labour Party,07 Transport Pass,Wadsworth McAuslan,Wren Punter,2185236767,wpunter4k@miitbeian.gov.cn
PPA,Progress Party of Australia,12 Summer Ridge Junction,Shel Pigford,Bradan Dimbleby,8945814887,bdimbleby4l@constantcontact.com
PROT,Protectionist Party,8534 Armistice Trail,Mela Stallworth,Che Roseaman,2633751141,croseaman4m@symantec.com
PUA,Pauline's United Australia Party,8468 Thierer Terrace,Iormina Novichenko,Bruce Harrington,3245111987,bharrington4n@scribd.com
PUP,Palmer United Party,796 Granby Circle,Hyacintha Jzhakov,Nicol Tewkesberry,1581512977,ntewkesberry4o@loc.gov
QF,Queensland First,40 Orin Trail,Kira Starkey,Reese Hyndson,2826119190,rhyndson4p@trellian.com
QG,Queensland Greens,15299 Manitowish Junction,Westley Westhead,Paddy Lilburne,9824613122,plilburne4q@spiegel.de
QLD CP,Country Party (Qld),556 Division Court,Briggs Tatchell,Butch Gluyas,8011938439,bgluyas4r@nba.com
QLD LP,Queensland Liberal Party,4 Reinke Road,Nap Alldread,Caresa Craigg,9257967401,ccraigg4s@salon.com
RAP,Rebuild Australia Party,94132 Mayer Trail,Nestor McVicar,Carolus Cossum,7633119514,ccossum4t@deviantart.com
RARI,Reclaim Australia: Reduce Immigration,2 Bobwhite Way,Phineas Goranov,Sibylla Carayol,2949510212,scarayol4u@china.com.cn
RCG,Richmond/Clarence Greens,78 Shoshone Crossing,Packston Zanetti,Garey Yurin,9674933804,gyurin4v@odnoklassniki.ru
RCL,Advance Australia Party,5065 Carioca Terrace,Henrietta Whitcomb,Roxie Cella,7315379577,rcella4w@weebly.com
REP,Renewable Energy Party,9667 Holy Cross Place,Adams Sherman,Koren Speeks,9051533023,kspeeks4x@dot.gov
RFG,A.C.T. Referendum First Group,6 Portage Road,Charita Bartelet,Sandro Bowland,5032915623,sbowland4y@ning.com
RFP,The Australian Recreation and Fishing Party,08020 Hazelcrest Road,Melisandra Mount,Kylynn Greeveson,3343930752,kgreeveson4z@dailymotion.com
RLS,Peter Breen - Reform The Legal System,275 Grasskamp Parkway,Morris Polden,Ivor Stenning,8033933635,istenning50@technorati.com
RPA,Republican Party of Australia,4554 Shasta Plaza,Nell Chalkly,Stella Bonnell,4913021671,sbonnell51@upenn.edu
RUA,Rise Up Australia Party,33 4th Drive,Rosabel Pidon,Ag Strognell,6917653655,astrognell52@guardian.co.uk
SAL,Socialist Alliance,554 Norway Maple Way,Ferdie Richie,Florenza Camilio,9088406618,fcamilio53@themeforest.net
SAS,Save the ADI Site Party,18 Cambridge Place,Nathan Alesi,Simonne Reddyhoff,8322967408,sreddyhoff54@biblegateway.com
SCSG,Stop CSG Party,3713 Upham Street,Tadeas Kalinke,Ranna Hitzschke,4114086114,rhitzschke55@about.me
SEN,The Seniors,8 Lien Court,Tuesday MacMeanma,Hugues Ceschelli,2884528537,hceschelli56@samsung.com
SEP,Socialist Equality Party,9 Dapin Junction,Keary Arend,Carmen Solly,9517573390,csolly57@salon.com
SG,Sydney Greens,071 Mayer Crossing,Belle Edelheit,Crystal O'Gormally,6974773074,cogormally58@cyberchimps.com
SING,Single Parents' Party,4690 Stephen Hill,Allard Dellenbach,Isador Killgus,3838359245,ikillgus59@examiner.com
SMK,Smokers Rights  Party,67 Jay Court,Toddy Brakespear,Godfry Ormesher,1446539053,gormesher5a@ifeng.com
SOC CRED,Social Credit Party,1 Graedel Street,Burty Ferdinand,Piper Thresh,2019218720,pthresh5b@seattletimes.com
SOL,Online Direct Democracy - (Empowering the People!),961 Moulton Circle,Kirbie Hanscomb,Kenyon Gillebride,1065071809,kgillebride5c@macromedia.com
SOV,Australian Sovereignty Party,84 Atwood Crossing,Maurita Gaffon,Patrice Inchley,2167930719,pinchley5d@slideshare.net
SP,Service Party,055 Gale Lane,Rivy Massot,Denise Cardis,5721056756,dcardis5e@seattletimes.com
SPA,Socialist Party of Australia,4270 Morrow Plaza,Victoria Garment,Gleda Dollen,1576484626,gdollen5f@geocities.jp
SPP,#Sustainable Australia from 2016,36550 Briar Crest Drive,Perren Velasquez,Daffie Philippault,6064090985,dphilippault5h@ucoz.ru
SPRT,Australian Sports Party,3 Londonderry Place,Ashien O'Carroll,Dorothee Yeude,4848534837,dyeude5i@addthis.com
SSG,South Sydney Greens,020 Banding Trail,Karl Maxweell,Sydney Meindl,2639409985,smeindl5j@cpanel.net
STATE LAB,State Labor,58 Main Center,Moina Crilley,Wood Legging,6473572464,wlegging5k@ocn.ne.jp
SUN,Seniors United Party of Australia,70 Valley Edge Crossing,Anna-diane Albion,Thaxter Atger,4501373174,tatger5l@mac.com
TCS,The Climate Sceptics for the 2010 election,2 New Castle Road,Brynna Dear,Tomi Sall,1798111982,tsall5m@photobucket.com
TFCA,21st Century Australia,489 Gerald Hill,Jarib Sinson,Monro Ivushkin,7118513621,mivushkin5p@people.com.cn
TFP,Tasmania First Party,626 Comanche Avenue,Cullan Frew,Hobey Guenther,7644433836,hguenther5q@zdnet.com
TG,Tasmanian Greens,5715 Kenwood Alley,Ellie Bastide,Finn Le Gallo,7636655347,fle5r@yandex.ru
TGA,The Great Australians,78 Thompson Street,Wyndham Hurles,Barbe Folk,7389852507,bfolk5s@dell.com
TGP,Australian Greens (NT Branch),0 Debs Terrace,Lin Mapston,Lorianne Angless,4546333821,langless5t@artisteer.com
TPS,Taxi Operators Political Service (Oceania),4046 Badeau Avenue,Vikky Verick,Verne Cucuzza,9684239510,vcucuzza5u@mozilla.com
TST,Tasmania Senate Team,88026 Roth Lane,Marthe Barense,Frans Clendinning,2885602309,fclendinning5v@sciencedirect.com
TUP,Torres United Party,8 Express Street,Jessee Ortsmann,Ellery Etches,7621197930,eetches5w@tmall.com
UAP,United Australia Party in 1930s and 40s.  Unite Australia Party in 1987.,0840 Pankratz Lane,Verina Sodory,Maia Scotchbrook,1324623778,mscotchbrook5x@spotify.com
UNI,Unity - Say No To Hanson,64 Swallow Junction,Elli Wrightham,Joli Pennycook,6507896437,jpennycook5y@miitbeian.gov.cn
UNP,Uniting Australia Party,81 Mendota Drive,Lesley Packman,Ode Bransden,9544005423,obransden5z@unblog.fr
VCE,Australian Voice Party,72536 Bay Park,Ettore Hrus,Maryann Beekman,4246583957,mbeekman60@tiny.cc
VEP,Voluntary Euthanasia Party,171 Ohio Junction,Ely Kearsley,Karoly Danahar,4571011859,kdanahar61@istockphoto.com
VET,"Ex-Service, Service & Veterans Party",58 Kinsman Plaza,Barbabra Beat,Norah Fidgett,4006195214,nfidgett62@blogs.com
VFU,Victorian Farmer's Union,29750 Starling Street,Mavra Eloi,Dirk Sibbert,1879876078,dsibbert63@dion.ne.jp
VGA,The Victorian Green Alliance,8392 Elgar Parkway,Loralyn Hanscombe,Fitzgerald Ledward,1296460115,fledward64@g.co
VPG,Vallentine Peace Group,6 Porter Point,Caddric Presslie,Ab Gowthrop,8666099971,agowthrop65@timesonline.co.uk
WA,Western Australia Party (early 1900s),9804 Sutteridge Trail,Fee Benes,Sarena Crips,8468617828,scrips66@reverbnation.com
WKP,The Wikileaks Party,91 Prairie Rose Point,Euell Anespie,Gussie Baskeyfied,2228973575,gbaskeyfied67@t.co
WSG,Western Suburbs Greens,06 South Trail,Eugenie Agglione,Antonin Grinstead,8784227327,agrinstead68@google.it
WTP,Weekend Trading Party,13591 Laurel Junction,Elfie Puttan,Boycie Kail,2766253880,bkail69@imgur.com
WWW,What Women Want (Australia),93223 Farragut Parkway,Terra Monkton,Corliss Hauch,5376812901,chauch6a@bizjournals.com
XEN,Nick Xenophon Team,84 Buhler Junction,Janaye Salvin,Peggi Sorel,8176844469,psorel6b@mac.com
YNP,Young National Party of Australia,1 Vidon Trail,Christian Varnals,Blaire Vesco,2063872472,bvesco6c@nationalgeographic.com
