voterid,firstname,lastname,gender,dateofbirth,residentialaddrstate,mobilephone,email,residentialaddrsuburb
1,Marshall,Avent,Male,5-Oct-22,SA,3279109287,mavent0@japanpost.jp,Adelaide
2,Klement,Aggott,Male,8-Feb-23,VIC,7635058809,kaggott1@discuz.net,Aston
3,Neila,Bryceson,Female,8-Dec-22,VIC,1818846272,nbryceson2@paginegialle.it,Ballarat
4,Consolata,Maxworthy,Female,16-Dec-22,NSW,8651908450,cmaxworthy3@dell.com,Banks
5,Stacy,Mordacai,Female,31-Jul-23,SA,2823471398,smordacai4@biglobe.ne.jp,Barker
6,Aaron,Giffard,Male,15-Feb-23,NSW,7874624745,agiffard5@surveymonkey.com,Barton
7,Lisbeth,Londors,Female,14-Sep-22,TAS,4608945638,llondors6@netscape.com,Bass
8,Kali,Partleton,Female,9-May-23,ACT,5327888868,kpartleton7@redcross.org,Bean
9,Bren,Dallow,Male,5-Feb-23,VIC,8701862724,bdallow8@redcross.org,Bendigo
10,Clarita,Batten,Female,11-Feb-23,NSW,6419316189,cbatten9@eventbrite.com,Bennelong
11,Tamiko,Fawdrey,Female,1-May-23,NSW,8827790555,tfawdreya@hatena.ne.jp,Berowra
12,Kaylyn,McLukie,Female,2-Jul-23,QLD,6441470090,kmclukieb@nymag.com,Blair
13,Isobel,Blaw,Genderfluid,28-Nov-22,NSW,2761723999,iblawc@facebook.com,Blaxland
14,Claudine,Rennox,Female,8-Jun-23,QLD,2868025576,crennoxd@ezinearticles.com,Bonner
15,Booth,Fries,Male,11-Apr-23,SA,3592486567,bfriese@lycos.com,Boothby
16,Dewain,Bautiste,Male,18-Jun-23,QLD,3606738275,dbautistef@google.com,Bowman
17,Deeanne,Steanyng,Female,19-Mar-23,TAS,7469207381,dsteanyngg@technorati.com,Braddon
18,Jeffrey,Blas,Male,21-Jan-23,NSW,6354144873,jblash@irs.gov,Bradfield
19,Guendolen,Jakoub,Female,27-Nov-22,WA,9919118973,gjakoubi@harvard.edu,Brand
20,Wyn,Youhill,Male,11-Oct-22,QLD,9996158933,wyouhillj@sogou.com,Brisbane
21,Hervey,Lyard,Agender,9-Mar-23,VIC,9908713665,hlyardk@phpbb.com,Bruce
22,Barclay,Calltone,Male,8-Oct-22,WA,3203370426,bcalltonel@smh.com.au,Burt
23,Margaretha,Gilbart,Female,8-May-23,NSW,3903409782,mgilbartm@mozilla.com,Calare
24,Marabel,Domoney,Female,16-Aug-23,VIC,9623536902,mdomoneyn@fema.gov,Calwell
25,Cleon,Magner,Male,18-May-23,ACT,7313461227,cmagnero@ebay.co.uk,Canberra
26,Stella,Lead,Female,21-Dec-22,WA,3808062236,sleadp@telegraph.co.uk,Canning
27,Hercule,Rouch,Male,9-Dec-22,QLD,3974994912,hrouchq@tinypic.com,Capricornia
28,Chad,McKearnen,Female,14-Jun-23,VIC,4015027846,cmckearnenr@163.com,Casey
29,Hailey,Phelp,Male,22-Jul-23,NSW,9634584244,hphelps@oaic.gov.au,Chifley
30,Deny,Cowp,Female,6-Feb-23,VIC,5044886208,dcowpt@house.gov,Chisholm
31,Elke,Dmitriev,Female,27-Jun-23,TAS,2026697318,edmitrievu@macromedia.com,Clark
32,Niko,Scolding,Genderqueer,22-Oct-22,NSW,9479566374,nscoldingv@homestead.com,Cook
33,Dalt,Neath,Male,2-Apr-23,VIC,3205153532,dneathw@cornell.edu,Cooper
34,Melvyn,Courtenay,Male,20-Apr-23,VIC,6645689291,mcourtenayx@gmpg.org,Corangamite
35,Chip,Mauger,Male,5-Oct-22,VIC,3649252792,cmaugery@g.co,Corio
36,Jillayne,Ateridge,Female,22-Jun-23,WA,9325765942,jateridgez@ask.com,Cowan
37,Ervin,Blowing,Male,7-Jun-23,NSW,6943182515,eblowing10@google.nl,Cowper
38,Dionysus,Kytter,Male,9-Jan-23,NSW,6674713090,dkytter11@arizona.edu,Cunningham
39,Hagan,Barthrop,Male,15-Feb-23,WA,3874079154,hbarthrop12@lulu.com,Curtin
40,Stavro,Methven,Male,11-Oct-22,QLD,9263485233,smethven13@youtube.com,Dawson
41,Godfree,Dyton,Male,12-Oct-22,VIC,7938941437,gdyton14@abc.net.au,Deakin
42,Ivy,Aird,Female,26-Nov-22,QLD,6032009789,iaird15@hibu.com,Dickson
43,Karilynn,Cardno,Female,5-Dec-22,NSW,6359088641,kcardno16@washingtonpost.com,Dobell
44,Bamby,Braybrooks,Female,31-Mar-23,VIC,7443244007,bbraybrooks17@miibeian.gov.cn,Dunkley
45,Ricoriki,Dahlgren,Male,21-Oct-22,WA,3169837368,rdahlgren18@privacy.gov.au,Durack
46,Florinda,Buckthorpe,Female,4-Oct-22,NSW,8648428282,fbuckthorpe19@webs.com,Eden-Monaro
47,Horatia,Gepson,Female,18-Jul-23,QLD,1295428248,hgepson1a@prnewswire.com,Fadden
48,Mac,Jerram,Male,15-Feb-23,QLD,7001479971,mjerram1b@umich.edu,Fairfax
49,Pavlov,McGoldrick,Male,17-May-23,NSW,7937661184,pmcgoldrick1c@gmpg.org,Farrer
50,Nels,Iscowitz,Male,26-Dec-22,ACT,5109543466,niscowitz1d@cbslocal.com,Fenner
51,Bertram,Jurasz,Male,11-Oct-22,QLD,9673738034,bjurasz1e@ebay.com,Fisher
52,Cissy,Neathway,Female,13-Jan-23,VIC,6845051656,cneathway1f@qq.com,Flinders
53,Delbert,Woollends,Male,11-Jun-23,QLD,8507954571,dwoollends1g@japanpost.jp,Flynn
54,Vicky,Atty,Female,27-Sep-22,QLD,4147078221,vatty1h@g.co,Forde
55,Karena,Aburrow,Female,2-Dec-22,WA,3602148963,kaburrow1i@fastcompany.com,Forrest
56,Gnni,Sloegrave,Agender,9-Dec-22,NSW,5086044894,gsloegrave1j@ovh.net,Fowler
57,Liane,Bernade,Female,12-Nov-22,TAS,5381528554,lbernade1k@t-online.de,Franklin
58,Barnebas,Keemar,Male,29-Oct-22,VIC,8511298831,bkeemar1l@princeton.edu,Fraser
59,Olag,Shawley,Polygender,25-Nov-22,WA,5533846948,oshawley1m@shinystat.com,Fremantle
60,Tracy,Verlander,Female,4-Mar-23,VIC,1981670038,tverlander1n@answers.com,Gellibrand
61,Ardene,Laxon,Agender,21-Jan-23,NSW,8616335056,alaxon1o@vimeo.com,Gilmore
62,Burgess,Piddick,Male,16-Oct-22,VIC,4171334916,bpiddick1p@utexas.edu,Gippsland
63,Leighton,Burnep,Male,23-Nov-22,VIC,7816101357,lburnep1q@dyndns.org,Goldstein
64,Noelle,Isherwood,Female,22-Jun-23,VIC,9437826449,nisherwood1r@cafepress.com,Gorton
65,Kenyon,Pears,Male,10-Dec-22,NSW,9036855662,kpears1s@admin.ch,Grayndler
66,Giavani,Plum,Male,6-Jun-23,NSW,1986101808,gplum1t@pbs.org,Greenway
67,Elsinore,Denness,Polygender,13-May-23,SA,7953442217,edenness1u@ning.com,Grey
68,Rodolph,Wernham,Male,10-Jun-23,QLD,4557339755,rwernham1v@shinystat.com,Griffith
69,Addia,Handslip,Female,17-Sep-22,QLD,9181933444,ahandslip1w@ft.com,Groom
70,Sophie,O'Downe,Female,27-Aug-23,WA,7007049657,sodowne1x@discuz.net,Hasluck
71,Ranee,Hembry,Female,23-Jan-23,VIC,4255377162,rhembry1y@arstechnica.com,Hawke
72,Dinny,Biesty,Female,5-Jul-23,QLD,9954973355,dbiesty1z@nymag.com,Herbert
73,Gustavus,Humbie,Male,14-Aug-23,VIC,9186733095,ghumbie20@cisco.com,Higgins
74,Vladimir,Pinnock,Male,31-Jan-23,SA,2158594592,vpinnock21@yale.edu,Hindmarsh
75,Daune,Pauletto,Female,28-Aug-23,QLD,4997850456,dpauletto22@elegantthemes.com,Hinkler
76,Kylynn,Brien,Female,26-May-23,VIC,1189206377,kbrien23@hubpages.com,Holt
77,Gizela,Cleeve,Female,7-Jan-23,VIC,2187324267,gcleeve24@amazon.com,Hotham
78,Hirsch,Gauntley,Male,19-Aug-23,NSW,1148721675,hgauntley25@google.co.jp,Hughes
79,Deane,Henmarsh,Female,2-Feb-23,NSW,7145562404,dhenmarsh26@sogou.com,Hume
80,Trish,Cartmale,Female,5-Oct-22,NSW,6994899395,tcartmale27@paginegialle.it,Hunter
81,Eryn,Youdell,Female,12-Feb-23,VIC,3054239647,eyoudell28@hugedomains.com,Indi
82,Dilly,Kemmer,Male,19-Apr-23,VIC,6332895443,dkemmer29@google.es,Isaacs
83,Joelie,Seabourne,Female,22-Aug-23,VIC,2064799024,jseabourne2a@nasa.gov,Jagajaga
84,Richardo,Griston,Male,12-Mar-23,QLD,8444613454,rgriston2b@skype.com,Kennedy
85,Ozzy,Bollands,Male,10-Sep-22,NSW,4314887677,obollands2c@msn.com,Kingsford Smith
86,Hugo,Van de Velde,Male,24-Dec-22,SA,3381971249,hvandevelde2d@nps.gov,Kingston
87,Reinaldos,Beynon,Male,12-Dec-22,VIC,7237174032,rbeynon2e@unicef.org,Kooyong
88,Jonis,Goring,Female,1-Aug-23,VIC,9048769683,jgoring2f@uiuc.edu,La Trobe
89,Friederike,Brosini,Female,9-Jan-23,VIC,2564995278,fbrosini2g@unesco.org,Lalor
90,Clemmy,MacAlpin,Bigender,9-Jun-23,QLD,2428026244,cmacalpin2h@simplemachines.org,Leichhardt
91,Marcelle,Thumann,Non-binary,5-Dec-22,QLD,6346655538,mthumann2i@github.io,Lilley
92,Freedman,Bedells,Male,12-Sep-22,NSW,6597067895,fbedells2j@privacy.gov.au,Lindsay
93,Eugen,Souttar,Male,3-Jan-23,NT,4272659229,esouttar2k@example.com,Lingiari
94,Morgan,Coxhell,Female,12-Aug-23,QLD,6248208735,mcoxhell2l@google.it,Longman
95,Layney,Cosser,Female,30-May-23,NSW,9538904018,lcosser2m@about.me,Lyne
96,Dorotea,Orsi,Female,6-Jun-23,TAS,9234859267,dorsi2n@4shared.com,Lyons
97,Tibold,Blofeld,Male,2-Apr-23,NSW,7749273361,tblofeld2o@bloglines.com,Macarthur
98,Rogerio,Gebhardt,Male,5-Apr-23,NSW,8291412161,rgebhardt2p@upenn.edu,Mackellar
99,Kory,Hargey,Male,10-Mar-23,VIC,9162991940,khargey2q@hugedomains.com,Macnamara
100,Marge,Edmondson,Female,18-Jan-23,NSW,6036373445,medmondson2r@chron.com,Macquarie
101,Loretta,Royson,Female,28-May-23,SA,6586900186,lroyson2s@hubpages.com,Makin
102,Andree,Paridge,Female,25-Jun-23,VIC,3523997543,aparidge2t@hubpages.com,Mallee
103,Morly,Ponte,Male,7-May-23,QLD,9651558958,mponte2u@clickbank.net,Maranoa
104,Amargo,Lamperti,Female,5-Apr-23,VIC,4584387930,alamperti2v@ihg.com,Maribyrnong
105,Darlleen,Gaythwaite,Female,15-Mar-23,SA,5265726505,dgaythwaite2w@ucoz.com,Mayo
106,Ellswerth,Greason,Male,9-Feb-23,VIC,6529824127,egreason2x@scientificamerican.com,McEwen
107,Henka,Haylor,Female,28-Dec-22,NSW,1531172586,hhaylor2y@ow.ly,McMahon
108,Lexie,Kopelman,Female,3-Apr-23,QLD,6924673567,lkopelman2z@dot.gov,McPherson
109,Van,Whiscard,Female,19-Mar-23,VIC,7539851083,vwhiscard30@blogs.com,Melbourne
110,Giffie,Kehri,Male,8-Jan-23,VIC,7535152831,gkehri31@fema.gov,Menzies
111,Ancell,Hinken,Male,10-Nov-22,NSW,2146842184,ahinken32@vkontakte.ru,Mitchell
112,Kirstin,Penrith,Female,29-Oct-22,VIC,8371380338,kpenrith33@reddit.com,Monash
113,Glenden,cornhill,Male,23-Sep-22,QLD,6079110011,gcornhill34@slideshare.net,Moncrieff
114,Erhart,Drysdale,Agender,7-Sep-22,WA,2421498574,edrysdale35@washingtonpost.com,Moore
115,Ronica,Medgewick,Female,15-Jan-23,QLD,2813902703,rmedgewick36@netvibes.com,Moreton
116,Woodman,Gimblett,Male,12-Sep-22,NSW,5424710617,wgimblett37@admin.ch,New England
117,Elisabetta,Vicarey,Female,12-Feb-23,NSW,2204059690,evicarey38@nps.gov,Newcastle
118,Standford,Konig,Male,27-Dec-22,VIC,2029576562,skonig39@example.com,Nicholls
119,Eldin,Ownsworth,Male,15-Dec-22,NSW,6861725666,eownsworth3a@omniture.com,North Sydney
120,Leigh,Richfield,Male,17-Oct-22,WA,8133693937,lrichfield3b@ftc.gov,O'Connor
121,Jayme,Instrell,Male,19-Oct-22,QLD,3257630305,jinstrell3c@deviantart.com,Oxley
122,Meade,Poad,Genderfluid,27-Apr-23,NSW,1489736424,mpoad3d@github.io,Page
123,Corbie,Heake,Genderfluid,29-Jan-23,NSW,5772689560,cheake3e@techcrunch.com,Parkes
124,Jonathan,Duckett,Male,20-Jun-23,NSW,5497113982,jduckett3f@amazonaws.com,Parramatta
125,Silvanus,Dalling,Male,2-Sep-23,NSW,5878699331,sdalling3g@techcrunch.com,Paterson
126,Bernadina,Viant,Agender,25-Feb-23,WA,6009706224,bviant3h@spiegel.de,Pearce
127,Cherin,Jaskowicz,Female,19-Jan-23,WA,8927468271,cjaskowicz3i@intel.com,Perth
128,Kyla,Myles,Polygender,26-Mar-23,QLD,9716035257,kmyles3j@printfriendly.com,Petrie
129,Molli,Moakler,Female,3-May-23,QLD,5933746553,mmoakler3k@friendfeed.com,Rankin
130,Gusti,Wassell,Female,7-Dec-22,NSW,5902353938,gwassell3l@ucoz.ru,Reid
131,Shirlee,Adamides,Female,15-Jun-23,NSW,6106278441,sadamides3m@creativecommons.org,Richmond
132,Charisse,Ferrone,Female,1-Jan-23,NSW,9911323109,cferrone3n@columbia.edu,Riverina
133,Jesus,Brisco,Male,21-Jun-23,NSW,2335100122,jbrisco3o@jiathis.com,Robertson
134,Deana,Ruppelin,Female,19-Mar-23,QLD,8869981448,druppelin3p@disqus.com,Ryan
135,Claribel,Nutting,Female,1-Feb-23,VIC,7444528147,cnutting3q@sina.com.cn,Scullin
136,Gerri,Gounin,Male,4-Nov-22,NSW,1677007175,ggounin3r@webnode.com,Shortland
137,Tatum,Taig,Female,10-Nov-22,NT,3644793730,ttaig3s@dyndns.org,Solomon
138,Cullan,Emmett,Male,3-Jul-23,SA,6558117374,cemmett3t@naver.com,Spence
139,Yovonnda,Gatus,Female,14-Apr-23,SA,5217519307,ygatus3u@baidu.com,Sturt
140,Cathie,Kermitt,Female,30-Jun-23,WA,6942718147,ckermitt3v@google.de,Swan
141,Phillip,Crut,Male,15-Nov-22,NSW,7105613249,pcrut3w@hostgator.com,Sydney
142,Renee,Bernardy,Female,26-Aug-23,WA,8254471325,rbernardy3x@google.pl,Tangney
143,Stormi,Chatan,Female,16-Nov-22,VIC,7165342763,schatan3y@epa.gov,Wannon
144,Jessika,Barnfield,Female,20-May-23,NSW,9507502802,jbarnfield3z@wired.com,Warringah
145,Chloris,Date,Female,15-Apr-23,NSW,5492480088,cdate40@answers.com,Watson
146,Caryn,Brandoni,Female,20-Feb-23,NSW,5845031934,cbrandoni41@forbes.com,Wentworth
147,Kimberlee,Rayburn,Bigender,7-Aug-23,NSW,4757033994,krayburn42@marketwatch.com,Werriwa
148,Cchaddie,Mathieson,Male,10-Nov-22,NSW,6144910098,cmathieson43@go.com,Whitlam
149,Susanetta,McCaster,Female,20-Jul-23,QLD,9006411175,smccaster44@marriott.com,Wide Bay
150,Tannie,Allen,Male,23-Dec-22,VIC,1665715302,tallen45@eventbrite.com,Wills
151,Berkly,Rowlings,Male,22-Mar-23,QLD,9996848280,browlings46@nps.gov,Wright
152,Eimile,Beceril,Non-binary,1-Jun-23,SA,5373707269,ebeceril47@furl.net,Adelaide
153,Moses,Oxley,Male,22-Nov-22,VIC,3946446183,moxley48@upenn.edu,Aston
154,Tobiah,Graben,Male,6-Aug-23,VIC,5396982740,tgraben49@rakuten.co.jp,Ballarat
155,Orel,Marley,Female,3-Jun-23,NSW,4497243534,omarley4a@cyberchimps.com,Banks
156,Essa,Cobb,Female,23-May-23,SA,8191107237,ecobb4b@smh.com.au,Barker
157,Ximenez,Presslie,Male,3-May-23,NSW,7544110836,xpresslie4c@jimdo.com,Barton
158,Mariette,Revey,Female,5-Jun-23,TAS,7726108521,mrevey4d@rediff.com,Bass
159,Elka,Delgaty,Female,6-Oct-22,ACT,1733232537,edelgaty4e@jalbum.net,Bean
160,Finley,Boeter,Male,3-Oct-22,VIC,4055357066,fboeter4f@howstuffworks.com,Bendigo
161,Rupert,Turville,Male,23-Aug-23,NSW,2337628538,rturville4g@reuters.com,Bennelong
162,Augusto,Elgar,Male,19-Mar-23,NSW,7574910851,aelgar4h@godaddy.com,Berowra
163,Ingrid,Bossom,Female,25-Jul-23,QLD,5949188449,ibossom4i@behance.net,Blair
164,Alysa,Ferenczy,Female,1-Aug-23,NSW,5341678932,aferenczy4j@google.co.jp,Blaxland
165,Tanner,Fitchen,Genderfluid,16-Feb-23,QLD,1643045785,tfitchen4k@prweb.com,Bonner
166,Marie,Denial,Female,5-Jan-23,SA,2939447697,mdenial4l@behance.net,Boothby
167,Rayshell,Paler,Female,6-Jan-23,QLD,4317217547,rpaler4m@fema.gov,Bowman
168,Merola,Govan,Female,23-Apr-23,TAS,1579980350,mgovan4n@indiatimes.com,Braddon
169,Erda,Seth,Polygender,26-Aug-23,NSW,4733497135,eseth4o@mysql.com,Bradfield
170,Kara,Clausner,Female,12-Dec-22,WA,1088551500,kclausner4p@yale.edu,Brand
171,Broddie,Gildea,Male,30-Apr-23,QLD,6638867502,bgildea4q@craigslist.org,Brisbane
172,Georgie,Lush,Female,9-Jun-23,VIC,6085923775,glush4r@cafepress.com,Bruce
173,Dael,Davidovicz,Female,19-Dec-22,WA,3142528280,ddavidovicz4s@ca.gov,Burt
174,Bobbie,Wallege,Male,25-Jul-23,NSW,8176919871,bwallege4t@imgur.com,Calare
175,Muffin,Grimsdike,Female,2-Jul-23,VIC,3985601889,mgrimsdike4u@cocolog-nifty.com,Calwell
176,Clarke,Devonald,Male,21-Feb-23,ACT,6514852900,cdevonald4v@deviantart.com,Canberra
177,Alley,Berthouloume,Male,1-Sep-23,WA,7717678536,aberthouloume4w@wordpress.org,Canning
178,Allister,Murison,Male,14-Feb-23,QLD,2324218523,amurison4x@list-manage.com,Capricornia
179,Greg,Piper,Male,23-Jun-23,VIC,1659365510,gpiper4y@soup.io,Casey
180,Skye,Bartoletti,Male,19-Mar-23,NSW,7859826364,sbartoletti4z@ftc.gov,Chifley
181,Eugene,Constantine,Male,2-Dec-22,VIC,5419024753,econstantine50@businessinsider.com,Chisholm
182,Simona,Vines,Female,11-Sep-22,TAS,6502803637,svines51@cpanel.net,Clark
183,Alair,Bartram,Male,7-Nov-22,NSW,3373311939,abartram52@statcounter.com,Cook
184,Rachael,Rothon,Female,8-Apr-23,VIC,3747433011,rrothon53@hud.gov,Cooper
185,Deana,Norcutt,Female,12-Apr-23,VIC,3707234886,dnorcutt54@dyndns.org,Corangamite
186,Curt,Skeen,Male,23-May-23,VIC,2201869513,cskeen55@miitbeian.gov.cn,Corio
187,Kerwin,Oppy,Male,24-Nov-22,WA,8302240346,koppy56@samsung.com,Cowan
188,Seana,Mariault,Genderqueer,27-Dec-22,NSW,1906357282,smariault57@joomla.org,Cowper
189,Bruce,Nolli,Male,6-Jun-23,NSW,7901834553,bnolli58@oracle.com,Cunningham
190,Penny,McCoy,Female,2-Mar-23,WA,7099065153,pmccoy59@artisteer.com,Curtin
191,Coleman,Cammock,Male,13-Sep-22,QLD,6588872662,ccammock5a@a8.net,Dawson
192,Freedman,Querree,Bigender,26-Oct-22,VIC,4448689772,fquerree5b@cam.ac.uk,Deakin
193,Sigrid,Elcombe,Polygender,18-Mar-23,QLD,3422832499,selcombe5c@networksolutions.com,Dickson
194,Cara,Pellew,Female,16-May-23,NSW,1489108085,cpellew5d@java.com,Dobell
195,Davidde,Stoakley,Male,7-Mar-23,VIC,5275707811,dstoakley5e@techcrunch.com,Dunkley
196,Harv,Pollett,Male,28-Feb-23,WA,1662233211,hpollett5f@livejournal.com,Durack
197,Mordy,Megarrell,Male,26-Jan-23,NSW,4877995755,mmegarrell5g@thetimes.co.uk,Eden-Monaro
198,Madella,De Pietri,Polygender,10-Feb-23,QLD,4044664366,mdepietri5h@google.es,Fadden
199,Leeland,Knok,Male,17-Aug-23,QLD,1688351306,lknok5i@eepurl.com,Fairfax
200,Dode,Eakin,Female,31-Dec-22,NSW,2157221542,deakin5j@artisteer.com,Farrer
201,Moises,Tibbs,Male,31-Mar-23,ACT,2644701667,mtibbs5k@bbc.co.uk,Fenner
202,Sonja,Arundell,Female,5-Jan-23,QLD,7718574789,sarundell5l@i2i.jp,Fisher
203,Rasla,Daspar,Genderqueer,29-Dec-22,VIC,3726898487,rdaspar5m@microsoft.com,Flinders
204,Maurits,Hatwells,Male,6-May-23,QLD,6865716459,mhatwells5n@jalbum.net,Flynn
205,Cass,Exton,Male,26-Aug-23,QLD,2107357654,cexton5o@time.com,Forde
206,Gustavus,Uttridge,Male,28-Apr-23,WA,2089138474,guttridge5p@biblegateway.com,Forrest
207,Rhea,McNutt,Female,11-May-23,NSW,4186056790,rmcnutt5q@newyorker.com,Fowler
208,Kean,Worshall,Male,16-Nov-22,TAS,9445630403,kworshall5r@ucoz.ru,Franklin
209,Sean,Deerr,Female,14-Jun-23,VIC,1439756212,sdeerr5s@typepad.com,Fraser
210,Casar,Kures,Male,17-Jun-23,WA,8398572829,ckures5t@canalblog.com,Fremantle
211,Leroy,Birchill,Male,2-Mar-23,VIC,4315448271,lbirchill5u@baidu.com,Gellibrand
212,Happy,Pepin,Female,21-Jun-23,NSW,2557024246,hpepin5v@marketwatch.com,Gilmore
213,Alair,Wissbey,Male,22-Dec-22,VIC,5411998942,awissbey5w@chicagotribune.com,Gippsland
214,Gratia,McKibbin,Female,30-Nov-22,VIC,7022442849,gmckibbin5x@unicef.org,Goldstein
215,Les,Acklands,Male,10-Mar-23,VIC,8275985438,lacklands5y@soundcloud.com,Gorton
216,Conroy,Janney,Male,1-Aug-23,NSW,3872405835,cjanney5z@tinypic.com,Grayndler
217,Jareb,Limb,Male,10-Feb-23,NSW,2064580861,jlimb60@digg.com,Greenway
218,Asa,Cleaton,Male,2-May-23,SA,1747888307,acleaton61@etsy.com,Grey
219,Neda,Hestrop,Female,28-Dec-22,QLD,4074066530,nhestrop62@lulu.com,Griffith
220,Fredric,Garraway,Male,17-Mar-23,QLD,1674421465,fgarraway63@mozilla.com,Groom
221,Scarface,Heynen,Male,6-Sep-22,WA,4159602765,sheynen64@wunderground.com,Hasluck
222,Sorcha,Helgass,Female,15-Apr-23,VIC,5809568849,shelgass65@nydailynews.com,Hawke
223,Angil,Frodsam,Female,13-Jul-23,QLD,8198418223,afrodsam66@exblog.jp,Herbert
224,Starla,Petrina,Female,27-Mar-23,VIC,7983269198,spetrina67@dedecms.com,Higgins
225,Shirleen,Heinrici,Female,12-Aug-23,SA,8717776695,sheinrici68@usatoday.com,Hindmarsh
226,Ursulina,Slowgrove,Female,21-Aug-23,QLD,4515750582,uslowgrove69@furl.net,Hinkler
227,Jessie,Chansonne,Male,18-Jun-23,VIC,4726344785,jchansonne6a@shop-pro.jp,Holt
228,Larine,Smylie,Agender,22-May-23,VIC,3022718222,lsmylie6b@dagondesign.com,Hotham
229,Corene,Jendrach,Genderqueer,4-Jun-23,NSW,7283717878,cjendrach6c@bbb.org,Hughes
230,Paola,Mathet,Female,23-Oct-22,NSW,5344575160,pmathet6d@miitbeian.gov.cn,Hume
231,Alaine,Meritt,Female,30-Nov-22,NSW,1706220918,ameritt6e@lulu.com,Hunter
232,Claudina,Nuzzti,Female,10-Nov-22,VIC,7344620390,cnuzzti6f@moonfruit.com,Indi
233,Tony,Flintoffe,Male,19-Jul-23,VIC,7801000847,tflintoffe6g@edublogs.org,Isaacs
234,Jocko,Hambric,Male,18-May-23,VIC,7386840851,jhambric6h@blogger.com,Jagajaga
235,Leyla,Brotherhood,Female,1-Aug-23,QLD,1302111713,lbrotherhood6i@nih.gov,Kennedy
236,Ursola,Annesley,Non-binary,4-Jun-23,NSW,9432219197,uannesley6j@uol.com.br,Kingsford Smith
237,Zita,Doring,Female,18-Feb-23,SA,4258461878,zdoring6k@wisc.edu,Kingston
238,Berty,Jachimiak,Female,9-Dec-22,VIC,3625428390,bjachimiak6l@123-reg.co.uk,Kooyong
239,Thacher,Aleksandrov,Male,8-Jul-23,VIC,8247290907,taleksandrov6m@yellowpages.com,La Trobe
240,Rakel,Devenport,Female,29-May-23,VIC,2099928113,rdevenport6n@naver.com,Lalor
241,Jone,Spratt,Male,12-Jun-23,QLD,7255179168,jspratt6o@behance.net,Leichhardt
242,Jaimie,Rate,Male,25-Mar-23,QLD,9673134286,jrate6p@tripod.com,Lilley
243,Tailor,Worsom,Male,11-Aug-23,NSW,3223813183,tworsom6q@slashdot.org,Lindsay
244,Nevsa,Le Estut,Female,18-Apr-23,NT,1103340672,nleestut6r@livejournal.com,Lingiari
245,Kirk,Every,Male,12-Apr-23,QLD,9306844621,kevery6s@yahoo.co.jp,Longman
246,Agathe,Elldred,Female,5-Feb-23,NSW,9213363360,aelldred6t@wikia.com,Lyne
247,Brigham,O'Cahill,Genderfluid,15-Aug-23,TAS,9473658668,bocahill6u@g.co,Lyons
248,Giorgio,McGilleghole,Male,29-Jul-23,NSW,1434356358,gmcgilleghole6v@ox.ac.uk,Macarthur
249,Tomasina,Sichardt,Female,2-Apr-23,NSW,2835020102,tsichardt6w@narod.ru,Mackellar
250,Winona,De'Vere - Hunt,Female,12-Dec-22,VIC,6967014778,wdeverehunt6x@ask.com,Macnamara
251,Gregorio,Rohloff,Male,2-Jan-23,NSW,1395645822,grohloff6y@4shared.com,Macquarie
252,Delia,Bestwerthick,Female,21-Aug-23,SA,9604071803,dbestwerthick6z@hexun.com,Makin
253,Emmye,Mewe,Female,6-May-23,VIC,4837763665,emewe70@imdb.com,Mallee
254,Eda,Graffin,Female,14-May-23,QLD,2307564592,egraffin71@reference.com,Maranoa
255,Tiler,Silkstone,Male,6-Dec-22,VIC,4012864652,tsilkstone72@cbslocal.com,Maribyrnong
256,Ursala,Maddern,Female,2-Mar-23,SA,5953924924,umaddern73@google.com.br,Mayo
257,Adeline,Prier,Female,18-Feb-23,VIC,9997651072,aprier74@xing.com,McEwen
258,Coriss,Cowmeadow,Female,18-Nov-22,NSW,2746618345,ccowmeadow75@toplist.cz,McMahon
259,Siouxie,Saturley,Female,12-Apr-23,QLD,5604975260,ssaturley76@deviantart.com,McPherson
260,Gian,Domerque,Male,27-Dec-22,VIC,9326110555,gdomerque77@tumblr.com,Melbourne
261,Jennie,McQuade,Genderfluid,8-May-23,VIC,8449936791,jmcquade78@sciencedaily.com,Menzies
262,Dean,Francais,Male,26-Sep-22,NSW,6085536781,dfrancais79@behance.net,Mitchell
263,Olia,Maynell,Female,15-Nov-22,VIC,7839671473,omaynell7a@ox.ac.uk,Monash
264,Demetris,Lurriman,Male,19-May-23,QLD,8529856568,dlurriman7b@google.ca,Moncrieff
265,Kikelia,Benson,Female,22-Sep-22,WA,8764594226,kbenson7c@salon.com,Moore
266,Ruby,Synan,Male,1-Apr-23,QLD,5257541680,rsynan7d@buzzfeed.com,Moreton
267,Dorie,Matuszyk,Female,29-Dec-22,NSW,6866339892,dmatuszyk7e@bing.com,New England
268,Cyril,Cornfield,Male,22-Mar-23,NSW,5991114283,ccornfield7f@weather.com,Newcastle
269,Nessa,Stoter,Female,30-Apr-23,VIC,3773635579,nstoter7g@themeforest.net,Nicholls
270,Willie,Blaby,Male,6-Dec-22,NSW,5438335931,wblaby7h@berkeley.edu,North Sydney
271,Jannel,Towne,Female,26-Jun-23,WA,6158260548,jtowne7i@github.io,O'Connor
272,Yance,Chieze,Male,14-May-23,QLD,6301044355,ychieze7j@macromedia.com,Oxley
273,Corry,Blundel,Female,13-Sep-22,NSW,7973835130,cblundel7k@economist.com,Page
274,Carlene,Sheriff,Female,11-Dec-22,NSW,7927701463,csheriff7l@cpanel.net,Parkes
275,Ced,Butterley,Male,1-May-23,NSW,3093277688,cbutterley7m@mac.com,Parramatta
276,Karine,Bubbear,Female,19-Jun-23,NSW,5903250819,kbubbear7n@abc.net.au,Paterson
277,Mignonne,Dwelley,Female,11-Sep-22,WA,2444934091,mdwelley7o@microsoft.com,Pearce
278,Donnie,Cadwell,Female,24-Aug-23,WA,3999959411,dcadwell7p@state.gov,Perth
279,Iver,Reside,Male,9-Dec-22,QLD,2996722677,ireside7q@princeton.edu,Petrie
280,Tarra,Petworth,Female,21-Mar-23,QLD,2145401327,tpetworth7r@symantec.com,Rankin
281,Noelle,Sollis,Female,26-Jan-23,NSW,3591538007,nsollis7s@wp.com,Reid
282,Gregory,Cussins,Male,28-Apr-23,NSW,3669503508,gcussins7t@naver.com,Richmond
283,Phylis,Klosges,Female,30-Jul-23,NSW,8869087893,pklosges7u@archive.org,Riverina
284,Whitney,Douberday,Male,22-Jan-23,NSW,2104341828,wdouberday7v@blog.com,Robertson
285,Sven,Kaszper,Male,25-Feb-23,QLD,2224254559,skaszper7w@nps.gov,Ryan
286,Raimundo,Delieu,Male,22-Mar-23,VIC,1212677051,rdelieu7x@cnet.com,Scullin
287,Rosene,Eddins,Non-binary,25-Oct-22,NSW,1688465333,reddins7y@si.edu,Shortland
288,Ashlan,Balint,Female,24-Mar-23,NT,9465038223,abalint7z@narod.ru,Solomon
289,Abrahan,Fearnley,Male,25-May-23,SA,4084182487,afearnley80@google.nl,Spence
290,Prisca,Reisin,Female,18-Feb-23,SA,1769764663,preisin81@foxnews.com,Sturt
291,Ema,Beuscher,Female,19-Jul-23,WA,3314701073,ebeuscher82@wikia.com,Swan
292,Emogene,Honack,Female,14-Sep-22,NSW,1727636805,ehonack83@ihg.com,Sydney
293,Olivia,Eskrigg,Female,10-Nov-22,WA,8375646564,oeskrigg84@examiner.com,Tangney
294,Kippy,Honniebal,Female,30-Aug-23,VIC,7143486732,khonniebal85@mozilla.com,Wannon
295,Lanna,Isakovic,Female,18-Jan-23,NSW,1098718216,lisakovic86@cnbc.com,Warringah
296,Broddy,Pringer,Male,18-Jul-23,NSW,4644603988,bpringer87@facebook.com,Watson
297,Iris,Strognell,Female,6-Dec-22,NSW,3341435168,istrognell88@amazon.co.jp,Wentworth
298,Lyn,Fraczkiewicz,Male,7-Feb-23,NSW,7557439974,lfraczkiewicz89@mapy.cz,Werriwa
299,Saw,Kindread,Bigender,25-Mar-23,NSW,1894649889,skindread8a@jiathis.com,Whitlam
300,Susana,Balaam,Female,4-Feb-23,QLD,2488674444,sbalaam8b@marketwatch.com,Wide Bay
301,Wynny,Pepi,Female,2-Jan-23,VIC,9686085022,wpepi8c@blogtalkradio.com,Wills
302,Syd,Spriggs,Male,21-Oct-22,QLD,5606717227,sspriggs8d@craigslist.org,Wright
303,Anett,Dudley,Female,14-Nov-22,SA,5524474160,adudley8e@hud.gov,Adelaide
304,Wendy,Luciano,Polygender,28-Jul-23,VIC,6977104363,wluciano8f@nifty.com,Aston
305,Eadie,Axton,Female,18-Jul-23,VIC,2798877058,eaxton8g@ft.com,Ballarat
306,Arleta,Stump,Female,18-May-23,NSW,4557779447,astump8h@weibo.com,Banks
307,Graig,Ager,Male,12-Mar-23,SA,5751694046,gager8i@yale.edu,Barker
308,Wilton,Howe,Male,18-Jun-23,NSW,1985824142,whowe8j@ox.ac.uk,Barton
309,Lydie,Simonds,Genderqueer,31-Jul-23,TAS,6626462331,lsimonds8k@uiuc.edu,Bass
310,Tadio,Pitsall,Male,2-Apr-23,ACT,9163975293,tpitsall8l@spotify.com,Bean
311,Katina,Buist,Female,8-May-23,VIC,7973711425,kbuist8m@paypal.com,Bendigo
312,Wynne,Tredwell,Female,16-Mar-23,NSW,4342539238,wtredwell8n@java.com,Bennelong
313,Luigi,Cullerne,Male,26-Jul-23,NSW,4637110886,lcullerne8o@tinyurl.com,Berowra
314,Scotty,Tainton,Male,28-Apr-23,QLD,3494202570,stainton8p@mapquest.com,Blair
315,Forest,Furmage,Male,13-Dec-22,NSW,1793325810,ffurmage8q@netscape.com,Blaxland
316,Benedikta,Lockitt,Female,13-Sep-22,QLD,1284798742,blockitt8r@wp.com,Bonner
317,Margaretha,Joao,Bigender,9-Nov-22,SA,3967415158,mjoao8s@histats.com,Boothby
318,Cosmo,Roj,Male,14-Jul-23,QLD,4113954759,croj8t@mac.com,Bowman
319,Huey,Folliott,Male,11-Nov-22,TAS,4748051153,hfolliott8u@zdnet.com,Braddon
320,Ross,Brabben,Male,8-Jan-23,NSW,7208904632,rbrabben8v@ameblo.jp,Bradfield
321,Paxon,Rubee,Male,31-Oct-22,WA,2299641284,prubee8w@columbia.edu,Brand
322,Davin,Noen,Male,4-Jul-23,QLD,5313499141,dnoen8x@mlb.com,Brisbane
323,Powell,Rany,Male,28-Aug-23,VIC,5897223010,prany8y@about.com,Bruce
324,Chase,Theriot,Male,29-Aug-23,WA,7096627378,ctheriot8z@issuu.com,Burt
325,Bale,Porteous,Male,25-Dec-22,NSW,2024897025,bporteous90@slate.com,Calare
326,Marianne,Chucks,Female,8-Apr-23,VIC,7623253262,mchucks91@etsy.com,Calwell
327,Chaddie,Sedworth,Male,6-Nov-22,ACT,8824714576,csedworth92@dell.com,Canberra
328,Boyd,Urwin,Male,29-Jun-23,WA,3006735816,burwin93@barnesandnoble.com,Canning
329,Frannie,Thorndale,Male,26-Aug-23,QLD,9129304257,fthorndale94@pbs.org,Capricornia
330,Gloriana,Achrameev,Female,24-Oct-22,VIC,9979160321,gachrameev95@nymag.com,Casey
331,Harrie,Kobiera,Female,16-Feb-23,NSW,1289621148,hkobiera96@hibu.com,Chifley
332,Penny,Chatt,Female,6-Sep-22,VIC,3102251975,pchatt97@tinypic.com,Chisholm
333,Tome,Bauld,Male,7-Jun-23,TAS,9661518022,tbauld98@technorati.com,Clark
334,Giusto,Ratcliffe,Male,5-Nov-22,NSW,9534722528,gratcliffe99@amazon.de,Cook
335,Baird,Davys,Male,18-Sep-22,VIC,6872627983,bdavys9a@prlog.org,Cooper
336,Oberon,Edney,Male,16-Apr-23,VIC,1208884037,oedney9b@ucla.edu,Corangamite
337,Bartholomeus,O'Crigan,Male,31-Oct-22,VIC,1748081368,bocrigan9c@cmu.edu,Corio
338,Mina,Loyd,Female,5-Jul-23,WA,7084571503,mloyd9d@istockphoto.com,Cowan
339,Brigham,Blodg,Male,16-Jul-23,NSW,4256385676,bblodg9e@bravesites.com,Cowper
340,Tull,Mullard,Male,20-Sep-22,NSW,3705949334,tmullard9f@google.nl,Cunningham
341,Alanna,Blucher,Female,17-Mar-23,WA,3932060562,ablucher9g@cyberchimps.com,Curtin
342,Alberik,Dilnot,Male,27-Nov-22,QLD,8466753898,adilnot9h@newyorker.com,Dawson
343,Janaya,Stivani,Female,4-Jul-23,VIC,4128133506,jstivani9i@google.nl,Deakin
344,Xaviera,Arons,Female,16-Mar-23,QLD,6454072574,xarons9j@surveymonkey.com,Dickson
345,Kissee,Matthews,Female,18-Jun-23,NSW,4403334596,kmatthews9k@ft.com,Dobell
346,Hoyt,Blasik,Male,22-Jul-23,VIC,9646643653,hblasik9l@webmd.com,Dunkley
347,Walliw,Denham,Non-binary,16-Dec-22,WA,6813096872,wdenham9m@oakley.com,Durack
348,Baldwin,Lorie,Male,17-Apr-23,NSW,1731136433,blorie9n@macromedia.com,Eden-Monaro
349,Hershel,Theobold,Male,24-Sep-22,QLD,3758538804,htheobold9o@wisc.edu,Fadden
350,Worthy,Labdon,Agender,1-Apr-23,QLD,5815371819,wlabdon9p@patch.com,Fairfax
351,Donaugh,Duetsche,Male,8-Aug-23,NSW,1901573438,dduetsche9q@samsung.com,Farrer
352,Shoshana,Graddon,Female,3-Sep-23,ACT,4725129880,sgraddon9r@about.com,Fenner
353,Marcy,Henbury,Female,27-Dec-22,QLD,6745873869,mhenbury9s@netlog.com,Fisher
354,Reube,Burnitt,Male,2-Sep-23,VIC,2319168137,rburnitt9t@jugem.jp,Flinders
355,Gordie,Junkison,Male,27-Mar-23,QLD,3691536718,gjunkison9u@godaddy.com,Flynn
356,Aaren,Feak,Female,14-Nov-22,QLD,7124597906,afeak9v@japanpost.jp,Forde
357,Pammie,Crop,Female,1-Oct-22,WA,2373861530,pcrop9w@weebly.com,Forrest
358,Dana,Abercromby,Female,23-Mar-23,NSW,3769866487,dabercromby9x@deliciousdays.com,Fowler
359,Simone,Twigg,Male,21-Aug-23,TAS,3088096556,stwigg9y@mit.edu,Franklin
360,Maure,Rake,Female,5-Jun-23,VIC,9254327313,mrake9z@scientificamerican.com,Fraser
361,Andrei,Pirazzi,Female,6-Jan-23,WA,2635875128,apirazzia0@timesonline.co.uk,Fremantle
362,Lyndy,Moreton,Female,24-Mar-23,VIC,7036134038,lmoretona1@ezinearticles.com,Gellibrand
363,Myrna,Whimp,Female,19-May-23,NSW,4172433465,mwhimpa2@psu.edu,Gilmore
364,Wes,Goracci,Male,14-Oct-22,VIC,7955446696,wgoraccia3@yale.edu,Gippsland
365,Ramsay,Dougan,Male,21-May-23,VIC,4796079100,rdougana4@facebook.com,Goldstein
366,Anne-marie,Battle,Female,28-Dec-22,VIC,3603738706,abattlea5@1688.com,Gorton
367,Marillin,Rival,Female,16-May-23,NSW,2414984308,mrivala6@go.com,Grayndler
368,Rafa,Kervin,Female,19-Sep-22,NSW,1144722667,rkervina7@rambler.ru,Greenway
369,Wilhelmine,Canning,Female,23-Apr-23,SA,7065036900,wcanninga8@tripadvisor.com,Grey
370,Leia,Bunhill,Female,15-Nov-22,QLD,9053087555,lbunhilla9@npr.org,Griffith
371,Lib,Batistelli,Female,19-Apr-23,QLD,1986690349,lbatistelliaa@ihg.com,Groom
372,Gordy,McDaid,Male,14-Nov-22,WA,7642519231,gmcdaidab@twitpic.com,Hasluck
373,Maribelle,Law,Female,8-Sep-22,VIC,1548439647,mlawac@senate.gov,Hawke
374,Dodi,Lovitt,Female,4-Aug-23,QLD,5854959904,dlovittad@twitpic.com,Herbert
375,Alayne,Kort,Female,20-Apr-23,VIC,2335045473,akortae@dion.ne.jp,Higgins
376,Kittie,Breffitt,Female,23-Aug-23,SA,2009295555,kbreffittaf@cafepress.com,Hindmarsh
377,Sherill,Foort,Female,6-Feb-23,QLD,1331707653,sfoortag@usgs.gov,Hinkler
378,Gil,Sawtell,Male,19-Dec-22,VIC,7257909437,gsawtellah@yahoo.com,Holt
379,Nicola,Groll,Female,22-Aug-23,VIC,7356033536,ngrollai@mozilla.com,Hotham
380,Fredek,Brownsey,Male,1-Jul-23,NSW,6707249170,fbrownseyaj@vk.com,Hughes
381,Padget,Bingham,Genderqueer,1-Apr-23,NSW,7625855455,pbinghamak@theguardian.com,Hume
382,Petra,Loyndon,Female,29-Jun-23,NSW,1777217480,ployndonal@dailymail.co.uk,Hunter
383,Ruperta,New,Female,5-Jul-23,VIC,9885445718,rnewam@mail.ru,Indi
384,Killie,Gumn,Polygender,12-Nov-22,VIC,2309573874,kgumnan@pbs.org,Isaacs
385,Jody,Dingwall,Female,26-Oct-22,VIC,5426144892,jdingwallao@marketwatch.com,Jagajaga
386,Bealle,Pettwood,Male,5-Aug-23,QLD,9615218477,bpettwoodap@virginia.edu,Kennedy
387,Adelaide,Kobpac,Female,3-Dec-22,NSW,8161313335,akobpacaq@samsung.com,Kingsford Smith
388,Fancy,Ramsbottom,Female,23-Jul-23,SA,1875604338,framsbottomar@spiegel.de,Kingston
389,Blondie,Matschoss,Female,6-Jul-23,VIC,8484098919,bmatschossas@nih.gov,Kooyong
390,Gabbi,Inchley,Female,14-Feb-23,VIC,7443885668,ginchleyat@jiathis.com,La Trobe
391,Andre,Kull,Male,31-Aug-23,VIC,4967759041,akullau@geocities.com,Lalor
392,Stirling,Genthner,Male,23-Dec-22,QLD,1748298368,sgenthnerav@accuweather.com,Leichhardt
393,Sloan,Lidell,Male,15-Feb-23,QLD,3006912499,slidellaw@istockphoto.com,Lilley
394,Crystal,Pincott,Female,6-Jun-23,NSW,1858261891,cpincottax@amazon.co.jp,Lindsay
395,Hilary,Whitehorne,Female,6-Apr-23,NT,8403666267,hwhitehorneay@wunderground.com,Lingiari
396,Meta,Sprade,Female,25-Oct-22,QLD,5982241818,mspradeaz@ted.com,Longman
397,Valentine,Lindner,Male,16-Jul-23,NSW,2168570489,vlindnerb0@bbb.org,Lyne
398,Shaun,Scown,Male,16-Jul-23,TAS,6638540938,sscownb1@livejournal.com,Lyons
399,Raddy,Craig,Male,15-Feb-23,NSW,9414497276,rcraigb2@ox.ac.uk,Macarthur
400,Berta,Tilliard,Female,14-Nov-22,NSW,7806963463,btilliardb3@netvibes.com,Mackellar
401,Esmaria,Jamison,Female,18-Feb-23,VIC,4943478605,ejamisonb4@sciencedaily.com,Macnamara
402,Colette,Pynner,Female,24-Jul-23,NSW,1385971302,cpynnerb5@topsy.com,Macquarie
403,Pauletta,Steade,Female,20-Jan-23,SA,2521237936,psteadeb6@plala.or.jp,Makin
404,Rudd,Pindar,Male,24-Feb-23,VIC,5157235707,rpindarb7@google.es,Mallee
405,Georgianna,Jeune,Polygender,4-Oct-22,QLD,2767298994,gjeuneb8@ucla.edu,Maranoa
406,Ariella,Caspell,Female,2-Sep-23,VIC,1601495204,acaspellb9@pen.io,Maribyrnong
407,Gannon,Tipton,Male,5-May-23,SA,5332355085,gtiptonba@skype.com,Mayo
408,Creighton,Gawne,Male,9-Apr-23,VIC,8277129341,cgawnebb@theglobeandmail.com,McEwen
409,Toni,Budgett,Female,18-Apr-23,NSW,7025351968,tbudgettbc@php.net,McMahon
410,Carolina,Reneke,Female,31-Aug-23,QLD,5532041950,crenekebd@about.com,McPherson
411,Delinda,Ceschi,Genderqueer,11-Feb-23,VIC,2733179136,dceschibe@jugem.jp,Melbourne
412,Celestyna,Billing,Female,24-Jul-23,VIC,6715191830,cbillingbf@i2i.jp,Menzies
413,Alejandra,Tebbutt,Female,28-May-23,NSW,5981858933,atebbuttbg@freewebs.com,Mitchell
414,Fanni,Flag,Agender,29-Jul-23,VIC,8887734510,fflagbh@imageshack.us,Monash
415,Valera,Northing,Female,10-Mar-23,QLD,9723618716,vnorthingbi@csmonitor.com,Moncrieff
416,Aggy,Vellacott,Female,23-Mar-23,WA,6622989398,avellacottbj@cyberchimps.com,Moore
417,Michaeline,Brunning,Female,20-Jul-23,QLD,5637241731,mbrunningbk@nba.com,Moreton
418,Pamella,Siddle,Female,10-May-23,NSW,6909151592,psiddlebl@vistaprint.com,New England
419,Stillmann,Divisek,Male,16-Oct-22,NSW,2535763819,sdivisekbm@globo.com,Newcastle
420,Barnie,Dewen,Male,2-Aug-23,VIC,2134878031,bdewenbn@sun.com,Nicholls
421,Martelle,Schade,Female,19-Apr-23,NSW,2136743654,mschadebo@tuttocitta.it,North Sydney
422,Ikey,Blight,Male,15-Nov-22,WA,3794869209,iblightbp@wunderground.com,O'Connor
423,Abram,Maccaddie,Male,19-Aug-23,QLD,8522424297,amaccaddiebq@wiley.com,Oxley
424,Sonny,Easey,Male,22-Jul-23,NSW,4579012953,seaseybr@usatoday.com,Page
425,Jeanine,Jaumet,Female,7-Nov-22,NSW,4555710010,jjaumetbs@bluehost.com,Parkes
426,Jerrold,Alven,Male,12-Oct-22,NSW,2395892491,jalvenbt@drupal.org,Parramatta
427,Kliment,Pock,Male,16-Dec-22,NSW,3497605164,kpockbu@odnoklassniki.ru,Paterson
428,Bonnie,Fillery,Female,25-Feb-23,WA,6373626995,bfillerybv@zdnet.com,Pearce
429,Zarla,Bennetts,Female,28-May-23,WA,8242631277,zbennettsbw@businessweek.com,Perth
430,Diarmid,Yitzovitz,Male,13-Feb-23,QLD,6204232992,dyitzovitzbx@nsw.gov.au,Petrie
431,Belinda,Hardaway,Female,20-Dec-22,QLD,8951684210,bhardawayby@reddit.com,Rankin
432,Christopher,Cromar,Male,4-Dec-22,NSW,4968268968,ccromarbz@wunderground.com,Reid
433,Lenore,Waldron,Female,1-Jul-23,NSW,4081141222,lwaldronc0@fotki.com,Richmond
434,Orton,Nason,Non-binary,19-Nov-22,NSW,1393056829,onasonc1@nps.gov,Riverina
435,Phip,Brantzen,Male,23-Jun-23,NSW,7357690089,pbrantzenc2@lycos.com,Robertson
436,Melitta,Cass,Female,28-Oct-22,QLD,5265756878,mcassc3@msu.edu,Ryan
437,Griffith,Braffington,Male,28-Feb-23,VIC,9847125130,gbraffingtonc4@npr.org,Scullin
438,Tore,Burgin,Male,8-Dec-22,NSW,8122529425,tburginc5@jalbum.net,Shortland
439,Antoine,Seedman,Male,14-Dec-22,NT,9656488280,aseedmanc6@biblegateway.com,Solomon
440,Alayne,Charville,Female,9-Aug-23,SA,6922218098,acharvillec7@wikimedia.org,Spence
441,Claiborne,Newrick,Male,3-Jun-23,SA,3234447465,cnewrickc8@toplist.cz,Sturt
442,Katrina,Shapter,Genderfluid,2-Jul-23,WA,9136290533,kshapterc9@gmpg.org,Swan
443,Aurelia,Brendish,Female,8-Nov-22,NSW,5172530701,abrendishca@sohu.com,Sydney
444,Diane,O'Corrigane,Female,1-Apr-23,WA,7918298502,docorriganecb@nifty.com,Tangney
445,Abbey,Danielis,Female,16-Nov-22,VIC,6281577109,adanieliscc@blogs.com,Wannon
446,Clo,Oxtarby,Female,2-Jul-23,NSW,4494584051,coxtarbycd@mac.com,Warringah
447,Veronika,Tivers,Female,4-Oct-22,NSW,1156083034,vtiversce@jimdo.com,Watson
448,Forster,Mewett,Male,29-Nov-22,NSW,3767009717,fmewettcf@usgs.gov,Wentworth
449,Jasun,Greggersen,Male,24-Dec-22,NSW,1723634392,jgreggersencg@istockphoto.com,Werriwa
450,Catlin,Heed,Non-binary,24-Sep-22,NSW,8403586818,cheedch@typepad.com,Whitlam
451,Billy,Jeannon,Female,28-Apr-23,QLD,5756796502,bjeannonci@sogou.com,Wide Bay
452,Bethina,Bosch,Female,30-Jan-23,VIC,2853786412,bboschcj@bravesites.com,Wills
453,Meridel,Arlidge,Bigender,15-Mar-23,QLD,6257827165,marlidgeck@youtu.be,Wright
454,Estele,Schinetti,Female,24-Mar-23,SA,9099526605,eschinetticl@quantcast.com,Adelaide
455,Crissy,Janous,Female,3-May-23,VIC,2841893171,cjanouscm@state.gov,Aston
456,Phyllida,Dalton,Female,4-Nov-22,VIC,5447015046,pdaltoncn@marketwatch.com,Ballarat
457,Antonius,Oloman,Male,19-Feb-23,NSW,4334008709,aolomanco@reverbnation.com,Banks
458,Carline,Ginger,Female,13-Apr-23,SA,9376818793,cgingercp@facebook.com,Barker
459,Jade,Navan,Female,4-Sep-23,NSW,5988037618,jnavancq@gnu.org,Barton
460,Natka,McBryde,Female,6-Jun-23,TAS,5425218034,nmcbrydecr@reddit.com,Bass
461,Desmond,Kealy,Male,2-May-23,ACT,3407357214,dkealycs@google.com,Bean
462,Jareb,Allenson,Male,5-Jun-23,VIC,1577107493,jallensonct@webeden.co.uk,Bendigo
463,Hilario,Rampton,Male,27-Aug-23,NSW,9879361063,hramptoncu@adobe.com,Bennelong
464,Carmella,Jess,Female,29-May-23,NSW,1252130740,cjesscv@com.com,Berowra
465,Gay,Carpenter,Female,17-May-23,QLD,2638706124,gcarpentercw@usnews.com,Blair
466,Cody,Earwicker,Genderqueer,14-Dec-22,NSW,3944623811,cearwickercx@jalbum.net,Blaxland
467,Adena,Fawke,Bigender,17-Dec-22,QLD,8016434271,afawkecy@wsj.com,Bonner
468,Gary,Leverette,Non-binary,19-Mar-23,SA,8046305395,gleverettecz@networkadvertising.org,Boothby
469,Adda,Iskow,Female,18-Mar-23,QLD,5032739776,aiskowd0@columbia.edu,Bowman
470,Jarrett,Iskower,Male,17-Jan-23,TAS,9977981281,jiskowerd1@symantec.com,Braddon
471,Dane,Hawkeswood,Male,22-Jan-23,NSW,3375186941,dhawkeswoodd2@cnet.com,Bradfield
472,Jephthah,Robinette,Male,13-Jul-23,WA,8238275591,jrobinetted3@hostgator.com,Brand
473,Jenny,Spinks,Genderfluid,19-Oct-22,QLD,4972281817,jspinksd4@sakura.ne.jp,Brisbane
474,Andeee,Soigne,Female,5-May-23,VIC,2708501513,asoigned5@tinyurl.com,Bruce
475,Carlyle,Speers,Male,2-Oct-22,WA,7878091102,cspeersd6@paginegialle.it,Burt
476,Dene,Weldrick,Male,18-Nov-22,NSW,8281968458,dweldrickd7@whitehouse.gov,Calare
477,Lotty,Bernardoni,Female,30-Aug-23,VIC,1453237254,lbernardonid8@wsj.com,Calwell
478,Violette,Jarret,Female,19-Nov-22,ACT,8746099560,vjarretd9@discovery.com,Canberra
479,Kittie,Dover,Female,30-Apr-23,WA,6762726353,kdoverda@friendfeed.com,Canning
480,Bernadine,Kilmurray,Female,27-May-23,QLD,4657815235,bkilmurraydb@geocities.com,Capricornia
481,Danette,O'Coskerry,Female,21-Jul-23,VIC,9642748586,docoskerrydc@netlog.com,Casey
482,Sybila,Losemann,Female,9-Oct-22,NSW,1206967529,slosemanndd@soup.io,Chifley
483,Kippy,Spybey,Male,28-Jan-23,VIC,5834039710,kspybeyde@ezinearticles.com,Chisholm
484,Kellia,Bew,Agender,15-Mar-23,TAS,8694820993,kbewdf@sakura.ne.jp,Clark
485,Ardelia,Hackforth,Female,4-Nov-22,NSW,8334076708,ahackforthdg@addtoany.com,Cook
486,Kellia,Casin,Female,22-Mar-23,VIC,8459968296,kcasindh@unc.edu,Cooper
487,Lanette,Safell,Female,25-Jul-23,VIC,9869397186,lsafelldi@princeton.edu,Corangamite
488,Elvin,Jenkyn,Male,30-Aug-23,VIC,6058916240,ejenkyndj@omniture.com,Corio
489,Ardenia,Looks,Female,15-Jan-23,WA,1367181897,alooksdk@usa.gov,Cowan
490,Guglielma,Heinish,Female,5-May-23,NSW,8016945260,gheinishdl@nydailynews.com,Cowper
491,Titos,Matthensen,Male,26-Jun-23,NSW,6849088442,tmatthensendm@hubpages.com,Cunningham
492,Otis,Glaister,Male,11-Jun-23,WA,2052124730,oglaisterdn@mozilla.org,Curtin
493,Barbaraanne,Yearron,Female,21-Dec-22,QLD,5221905214,byearrondo@europa.eu,Dawson
494,Claybourne,Sitlington,Male,25-May-23,VIC,3317995712,csitlingtondp@ftc.gov,Deakin
495,Gabriel,Spenceley,Male,27-Apr-23,QLD,9972783748,gspenceleydq@delicious.com,Dickson
496,Odelia,Hebard,Female,29-Sep-22,NSW,5264542972,ohebarddr@vimeo.com,Dobell
497,Mauricio,Mudd,Male,10-Jan-23,VIC,6995717516,mmuddds@nifty.com,Dunkley
498,Christin,Berryman,Female,16-Jan-23,WA,9311523611,cberrymandt@nymag.com,Durack
499,Bliss,Gutch,Female,23-Dec-22,NSW,9379392884,bgutchdu@csmonitor.com,Eden-Monaro
500,Clementine,Von Oertzen,Female,7-Aug-23,QLD,7682082897,cvonoertzendv@liveinternet.ru,Fadden
501,Clem,Sleicht,Female,5-Jun-23,QLD,9495210584,csleichtdw@ocn.ne.jp,Fairfax
502,Jules,Matisse,Male,9-Sep-22,NSW,9322549178,jmatissedx@hexun.com,Farrer
503,Doreen,Learoyde,Female,12-Nov-22,ACT,2258804689,dlearoydedy@sun.com,Fenner
504,Kate,Gabler,Female,19-May-23,QLD,4809676912,kgablerdz@macromedia.com,Fisher
505,Hanan,Iskow,Male,23-Apr-23,VIC,9103450088,hiskowe0@ucoz.com,Flinders
506,Glyn,Thunder,Male,17-Mar-23,QLD,4043427008,gthundere1@phpbb.com,Flynn
507,Winifield,Blackesland,Genderqueer,10-Jul-23,QLD,8801782689,wblackeslande2@1und1.de,Forde
508,Carson,Champagne,Male,9-Jan-23,WA,8762585487,cchampagnee3@thetimes.co.uk,Forrest
509,Thor,Signore,Male,7-Oct-22,NSW,9382411182,tsignoree4@ft.com,Fowler
510,Zedekiah,Verrick,Male,10-Sep-22,TAS,8017214227,zverricke5@army.mil,Franklin
511,Robin,Hufton,Male,16-Jul-23,VIC,6718981997,rhuftone6@yolasite.com,Fraser
512,Horton,Richardes,Male,3-May-23,WA,7145869195,hrichardese7@ehow.com,Fremantle
513,Kaylyn,Hancell,Female,5-May-23,VIC,4036724668,khancelle8@sogou.com,Gellibrand
514,Guntar,Tedstone,Male,6-May-23,NSW,7879858143,gtedstonee9@fda.gov,Gilmore
515,Geralda,Rallings,Genderfluid,7-Nov-22,VIC,4264684381,grallingsea@ustream.tv,Gippsland
516,Cecelia,Rehme,Polygender,7-Feb-23,VIC,9992237439,crehmeeb@g.co,Goldstein
517,Kaycee,Krol,Female,24-Aug-23,VIC,8359571652,kkrolec@chicagotribune.com,Gorton
518,Darnell,Patient,Male,24-Aug-23,NSW,3445747065,dpatiented@hp.com,Grayndler
519,Oliver,McCoveney,Male,22-Nov-22,NSW,9484346041,omccoveneyee@huffingtonpost.com,Greenway
520,Ebeneser,Kernocke,Polygender,8-Sep-22,SA,5317975648,ekernockeef@java.com,Grey
521,Raine,Frantzeni,Female,19-Dec-22,QLD,5031978445,rfrantzenieg@creativecommons.org,Griffith
522,Obadiah,Castelain,Male,4-Nov-22,QLD,9699206192,ocastelaineh@e-recht24.de,Groom
523,Donal,O'Kelly,Male,18-Feb-23,WA,4413771803,dokellyei@washingtonpost.com,Hasluck
524,Colette,McGillecole,Female,21-Mar-23,VIC,9253932237,cmcgillecoleej@soundcloud.com,Hawke
525,Amy,Gager,Female,19-Jan-23,QLD,8853834696,agagerek@businesswire.com,Herbert
526,Annabell,McGrorty,Female,29-Dec-22,VIC,2143682756,amcgrortyel@un.org,Higgins
527,Druci,Scarbarrow,Female,12-Jun-23,SA,8104971245,dscarbarrowem@indiatimes.com,Hindmarsh
528,Nicky,Josefsen,Male,29-Apr-23,QLD,5191047342,njosefsenen@about.me,Hinkler
529,Arturo,Andreia,Male,11-Jul-23,VIC,7362396462,aandreiaeo@de.vu,Holt
530,Vyky,Dumphy,Female,11-May-23,VIC,9723050895,vdumphyep@parallels.com,Hotham
531,Susann,Zanni,Female,27-Jul-23,NSW,6092516293,szannieq@mapquest.com,Hughes
532,Mace,Cranch,Male,24-Sep-22,NSW,5687710993,mcrancher@a8.net,Hume
533,Lindon,Carrel,Male,30-Nov-22,NSW,8679360805,lcarreles@huffingtonpost.com,Hunter
534,Morton,Else,Male,23-Mar-23,VIC,7746215228,melseet@slideshare.net,Indi
535,Billie,Snoxall,Male,29-Mar-23,VIC,8213016932,bsnoxalleu@state.gov,Isaacs
536,Earlie,Peniello,Male,21-May-23,VIC,4958683742,epenielloev@booking.com,Jagajaga
537,Hamel,Vasser,Male,30-Aug-23,QLD,1714820499,hvasserew@comsenz.com,Kennedy
538,Sibella,Jobke,Female,5-Jul-23,NSW,6904984255,sjobkeex@blogs.com,Kingsford Smith
539,Gale,Kerrich,Male,27-Nov-22,SA,8498564620,gkerrichey@go.com,Kingston
540,Jillene,MacAnelley,Female,25-Aug-23,VIC,7831197235,jmacanelleyez@wix.com,Kooyong
541,Carr,Clewley,Male,23-Dec-22,VIC,4347727304,cclewleyf0@webs.com,La Trobe
542,Gregoire,Partleton,Male,28-Oct-22,VIC,5927421091,gpartletonf1@forbes.com,Lalor
543,Hughie,Parysowna,Male,30-Jan-23,QLD,7681752000,hparysownaf2@guardian.co.uk,Leichhardt
544,Dicky,Kadd,Male,4-Oct-22,QLD,3918933571,dkaddf3@topsy.com,Lilley
545,Davey,Aymes,Male,26-Jan-23,NSW,6794755717,daymesf4@biglobe.ne.jp,Lindsay
546,Lanni,Causby,Female,23-Apr-23,NT,6388607600,lcausbyf5@hhs.gov,Lingiari
547,Derrik,Valadez,Male,4-Jun-23,QLD,3902622547,dvaladezf6@i2i.jp,Longman
548,Corly,Basilio,Female,18-Jun-23,NSW,1081278106,cbasiliof7@wordpress.org,Lyne
549,Lacee,Wickey,Female,26-Nov-22,TAS,3734026712,lwickeyf8@google.cn,Lyons
550,Debra,Wealthall,Female,11-Jun-23,NSW,5679487108,dwealthallf9@wiley.com,Macarthur
551,Roselia,Drabble,Female,31-Dec-22,NSW,9162193346,rdrabblefa@ca.gov,Mackellar
552,Hyacinth,Grinley,Female,27-Jun-23,VIC,3421591857,hgrinleyfb@constantcontact.com,Macnamara
553,Trenton,Merriman,Agender,16-Sep-22,NSW,3025287714,tmerrimanfc@tuttocitta.it,Macquarie
554,Morley,Pearson,Male,24-Mar-23,SA,9028433687,mpearsonfd@hexun.com,Makin
555,Aylmer,Spurryer,Male,16-Dec-22,VIC,2488815026,aspurryerfe@g.co,Mallee
556,Lesley,Maulin,Polygender,16-May-23,QLD,7299242560,lmaulinff@goo.gl,Maranoa
557,Lionello,Rowney,Male,10-Sep-22,VIC,2026376148,lrowneyfg@miitbeian.gov.cn,Maribyrnong
558,Demeter,McDuall,Female,16-Oct-22,SA,3547154865,dmcduallfh@dyndns.org,Mayo
559,Broderick,Agostini,Male,21-Jun-23,VIC,7168965488,bagostinifi@java.com,McEwen
560,Orran,Pringell,Male,3-Jan-23,NSW,5719064808,opringellfj@dagondesign.com,McMahon
561,Natasha,Guidetti,Female,10-Mar-23,QLD,7221774929,nguidettifk@friendfeed.com,McPherson
562,Jed,Napier,Male,3-Oct-22,VIC,9681217103,jnapierfl@msu.edu,Melbourne
563,Emlen,Stilly,Male,11-Jan-23,VIC,2271098580,estillyfm@nba.com,Menzies
564,Stephenie,Spinello,Female,4-Sep-23,NSW,6352613703,sspinellofn@nifty.com,Mitchell
565,Wes,Alliston,Polygender,6-Nov-22,VIC,8615923113,wallistonfo@alexa.com,Monash
566,Esma,Capoun,Agender,18-Dec-22,QLD,8043841952,ecapounfp@disqus.com,Moncrieff
567,Elyn,Eilhermann,Female,23-Dec-22,WA,9693110283,eeilhermannfq@w3.org,Moore
568,Helge,Dmitr,Female,11-Apr-23,QLD,1792322524,hdmitrfr@slate.com,Moreton
569,Berk,Dimberline,Male,14-Oct-22,NSW,9489951934,bdimberlinefs@cocolog-nifty.com,New England
570,Rayner,Bottlestone,Male,2-Sep-23,NSW,4582453730,rbottlestoneft@behance.net,Newcastle
571,Jayne,Dudin,Female,23-Jul-23,VIC,6218254866,jdudinfu@uiuc.edu,Nicholls
572,Bobbie,Spinas,Female,17-Apr-23,NSW,3761858186,bspinasfv@acquirethisname.com,North Sydney
573,Teressa,Alwood,Female,3-Mar-23,WA,3241260718,talwoodfw@4shared.com,O'Connor
574,Iolanthe,Longlands,Female,30-Sep-22,QLD,9687410015,ilonglandsfx@pbs.org,Oxley
575,Quinlan,Pointer,Male,28-Jul-23,NSW,1862419360,qpointerfy@harvard.edu,Page
576,Olav,Marien,Male,27-Oct-22,NSW,1607415229,omarienfz@jigsy.com,Parkes
577,Hyacintha,Tampion,Female,16-Feb-23,NSW,2775666441,htampiong0@i2i.jp,Parramatta
578,Abba,Feehery,Male,1-Mar-23,NSW,9811395721,afeeheryg1@gnu.org,Paterson
579,Moise,Kivelhan,Male,1-Sep-23,WA,9491165844,mkivelhang2@ucla.edu,Pearce
580,Rennie,Dreigher,Female,18-Sep-22,WA,8477689495,rdreigherg3@opera.com,Perth
581,Marna,Spriggen,Female,21-Jun-23,QLD,2635145640,mspriggeng4@noaa.gov,Petrie
582,Kingsly,Sangra,Male,11-Nov-22,QLD,6025079166,ksangrag5@biglobe.ne.jp,Rankin
583,Giacobo,Franzini,Male,4-May-23,NSW,3793920575,gfranzinig6@blogger.com,Reid
584,Obed,Biford,Male,28-Nov-22,NSW,1131707216,obifordg7@hexun.com,Richmond
585,Leslie,Harring,Male,1-Jul-23,NSW,5692058633,lharringg8@ucoz.com,Riverina
586,Birch,Hanington,Male,1-Feb-23,NSW,4245826024,bhaningtong9@elegantthemes.com,Robertson
587,Laird,MacBean,Male,10-Jul-23,QLD,3675417685,lmacbeanga@berkeley.edu,Ryan
588,Barbra,Abson,Female,25-Dec-22,VIC,1356803610,babsongb@eepurl.com,Scullin
589,Cristobal,Whitefoot,Male,23-Mar-23,NSW,5356089226,cwhitefootgc@simplemachines.org,Shortland
590,Terza,Hubbucks,Female,9-Apr-23,NT,4708251005,thubbucksgd@intel.com,Solomon
591,Brigitte,Tupman,Female,8-Nov-22,SA,5013602615,btupmange@opera.com,Spence
592,Koo,Foxley,Female,11-Feb-23,SA,2412828413,kfoxleygf@china.com.cn,Sturt
593,Jacquelyn,Trimnell,Female,19-Jul-23,WA,4079193007,jtrimnellgg@mac.com,Swan
594,Burg,Aven,Male,10-Sep-22,NSW,6304950480,bavengh@xing.com,Sydney
595,Richard,Pleuman,Male,14-Feb-23,WA,3713633074,rpleumangi@noaa.gov,Tangney
596,Augustine,Dunsford,Male,25-Apr-23,VIC,4268022649,adunsfordgj@cyberchimps.com,Wannon
597,Gail,Calvey,Male,15-Nov-22,NSW,6349974487,gcalveygk@newyorker.com,Warringah
598,Letta,McCaughran,Female,25-Apr-23,NSW,6128929792,lmccaughrangl@comcast.net,Watson
599,Nikola,Leitch,Male,15-Apr-23,NSW,6705427954,nleitchgm@omniture.com,Wentworth
600,Aloise,Laminman,Female,25-Sep-22,NSW,4571090189,alaminmangn@yahoo.com,Werriwa
601,Terrel,Creeber,Male,15-Aug-23,NSW,9704591740,tcreebergo@gov.uk,Whitlam
602,Dru,Spohr,Genderfluid,10-May-23,QLD,1688897548,dspohrgp@geocities.com,Wide Bay
603,Rae,Christall,Female,9-Oct-22,VIC,9723756708,rchristallgq@angelfire.com,Wills
604,Garek,Ciccarello,Male,31-Aug-23,QLD,2648032192,gciccarellogr@mediafire.com,Wright
605,Brooks,Frays,Female,21-Sep-22,SA,4047186922,bfraysgs@apple.com,Adelaide
606,Worthington,Healeas,Male,6-Jan-23,VIC,4589131115,whealeasgt@bloomberg.com,Aston
607,Garnette,Gladdor,Female,12-Feb-23,VIC,2925577668,ggladdorgu@surveymonkey.com,Ballarat
608,Nevil,Bonar,Male,2-May-23,NSW,7265107768,nbonargv@exblog.jp,Banks
609,Grier,Fabry,Genderfluid,17-Nov-22,SA,7673370944,gfabrygw@about.com,Barker
610,Jenna,Smallbone,Female,6-Jan-23,NSW,6397336372,jsmallbonegx@earthlink.net,Barton
611,Hilarius,Messer,Male,18-Mar-23,TAS,3771322501,hmessergy@craigslist.org,Bass
612,Andras,Beamont,Male,7-Sep-22,ACT,8844562235,abeamontgz@rediff.com,Bean
613,Belita,Gingle,Female,16-Sep-22,VIC,8935558827,bgingleh0@virginia.edu,Bendigo
614,Garvy,Wheeliker,Male,22-Jul-23,NSW,3036123980,gwheelikerh1@gmpg.org,Bennelong
615,Erl,Rosenfield,Male,18-Feb-23,NSW,8467656382,erosenfieldh2@hud.gov,Berowra
616,Corbet,Craft,Male,24-Jan-23,QLD,3265162996,ccrafth3@oracle.com,Blair
617,Jacky,Witch,Male,19-Nov-22,NSW,9155438790,jwitchh4@vk.com,Blaxland
618,Agata,Tallboy,Female,8-May-23,QLD,3591884659,atallboyh5@marketwatch.com,Bonner
619,Emmy,Emptage,Male,21-Mar-23,SA,1392563215,eemptageh6@princeton.edu,Boothby
620,Susana,Harvard,Female,4-Nov-22,QLD,2987400920,sharvardh7@g.co,Bowman
621,Bruce,Odo,Male,11-May-23,TAS,7121510777,bodoh8@auda.org.au,Braddon
622,Rouvin,Dimitresco,Male,9-Feb-23,NSW,1849949254,rdimitrescoh9@dmoz.org,Bradfield
623,Chilton,Rowland,Male,13-Dec-22,WA,9525491221,crowlandha@yelp.com,Brand
624,Orsola,Pariso,Non-binary,24-Jan-23,QLD,5055128966,oparisohb@jiathis.com,Brisbane
625,Rorie,Mailes,Female,7-Jan-23,VIC,1633407903,rmaileshc@weather.com,Bruce
626,Allyson,Wallbrook,Female,24-Oct-22,WA,4681878531,awallbrookhd@icq.com,Burt
627,Laurel,Conroy,Female,13-Sep-22,NSW,3889427676,lconroyhe@blogger.com,Calare
628,Ignacius,Dyne,Polygender,27-Oct-22,VIC,3613137106,idynehf@cloudflare.com,Calwell
629,Charo,Igoe,Bigender,26-Feb-23,ACT,7653630762,cigoehg@yale.edu,Canberra
630,Adorne,Spurden,Female,13-Feb-23,WA,4404239062,aspurdenhh@friendfeed.com,Canning
631,Petronia,Kornilyev,Female,15-Apr-23,QLD,2626423004,pkornilyevhi@wiley.com,Capricornia
632,Addison,Varden,Male,27-Aug-23,VIC,8327000920,avardenhj@timesonline.co.uk,Casey
633,Cary,Alastair,Male,22-Jul-23,NSW,8936215019,calastairhk@wp.com,Chifley
634,Bennie,Wagen,Male,22-May-23,VIC,7876630954,bwagenhl@hexun.com,Chisholm
635,Johnna,McErlaine,Female,19-Jan-23,TAS,4878180007,jmcerlainehm@canalblog.com,Clark
636,Tallie,Vaszoly,Male,22-Mar-23,NSW,1355228608,tvaszolyhn@comsenz.com,Cook
637,Nevil,Sunshine,Male,8-Nov-22,VIC,7013271404,nsunshineho@twitpic.com,Cooper
638,Homerus,Renbold,Male,10-Sep-22,VIC,9381224105,hrenboldhp@marketwatch.com,Corangamite
639,Herbert,Handman,Male,1-Oct-22,VIC,9528240438,hhandmanhq@cdc.gov,Corio
640,Kathe,Drinnan,Female,8-May-23,WA,7492576873,kdrinnanhr@eepurl.com,Cowan
641,Lothario,Tilby,Male,14-Nov-22,NSW,6329105788,ltilbyhs@homestead.com,Cowper
642,Jacquette,Blennerhassett,Female,20-Aug-23,NSW,6476715753,jblennerhassettht@spotify.com,Cunningham
643,Marten,Heyball,Male,11-Oct-22,WA,6231362024,mheyballhu@godaddy.com,Curtin
644,Fransisco,Scoular,Male,17-Jan-23,QLD,2129395114,fscoularhv@photobucket.com,Dawson
645,Buiron,Kneebone,Male,12-Aug-23,VIC,5121825479,bkneebonehw@php.net,Deakin
646,Forester,Libby,Male,24-Jun-23,QLD,3104006816,flibbyhx@slashdot.org,Dickson
647,Sherwin,Shaefer,Genderqueer,25-Dec-22,NSW,7699882031,sshaeferhy@free.fr,Dobell
648,Pieter,Trippitt,Bigender,18-Dec-22,VIC,9374092635,ptrippitthz@sina.com.cn,Dunkley
649,Daffy,Iglesiaz,Genderqueer,21-Jul-23,WA,4216045100,diglesiazi0@gnu.org,Durack
650,Jyoti,Hirtzmann,Female,9-Apr-23,NSW,9008247475,jhirtzmanni1@digg.com,Eden-Monaro
651,Sarina,Jozefczak,Female,16-May-23,QLD,4734230726,sjozefczaki2@t-online.de,Fadden
652,Paul,Standering,Male,3-Sep-23,QLD,8115457685,pstanderingi3@miitbeian.gov.cn,Fairfax
653,Gene,Clericoates,Male,31-Jan-23,NSW,4869255632,gclericoatesi4@eepurl.com,Farrer
654,Fae,Freeth,Female,18-Mar-23,ACT,5621005968,ffreethi5@ustream.tv,Fenner
655,Belita,Jacquot,Female,14-Sep-22,QLD,4038180746,bjacquoti6@comsenz.com,Fisher
656,Lesley,Hunn,Female,8-Oct-22,VIC,9165313395,lhunni7@unblog.fr,Flinders
657,Cynthy,Dell Casa,Female,21-May-23,QLD,6043844547,cdellcasai8@prweb.com,Flynn
658,Lynea,Durning,Female,14-Apr-23,QLD,2511976486,ldurningi9@xinhuanet.com,Forde
659,Lauritz,Peasby,Male,26-Jan-23,WA,6752250146,lpeasbyia@dyndns.org,Forrest
660,Aimee,Wride,Female,9-Apr-23,NSW,1001970760,awrideib@com.com,Fowler
661,Marty,Pickton,Female,11-Aug-23,TAS,9423775993,mpicktonic@domainmarket.com,Franklin
662,Sydelle,Dumphy,Female,4-Nov-22,VIC,3206924741,sdumphyid@cargocollective.com,Fraser
663,Nichol,Pay,Female,7-Jul-23,WA,1473862199,npayie@nhs.uk,Fremantle
664,Serena,Sidebotton,Female,25-Oct-22,VIC,2799644356,ssidebottonif@nsw.gov.au,Gellibrand
665,Clarke,Felgate,Male,5-Dec-22,NSW,8776857775,cfelgateig@woothemes.com,Gilmore
666,Marylee,Dark,Female,10-Feb-23,VIC,1269940168,mdarkih@github.com,Gippsland
667,Grenville,Copyn,Male,13-Aug-23,VIC,9045019703,gcopynii@amazon.de,Goldstein
668,Modestine,Dominik,Female,8-Nov-22,VIC,9817309335,mdominikij@uol.com.br,Gorton
669,Drugi,Kilfedder,Male,13-Mar-23,NSW,9242426944,dkilfedderik@berkeley.edu,Grayndler
670,Bobbie,Olman,Male,4-Jul-23,NSW,9428578783,bolmanil@weather.com,Greenway
671,Chip,Laffan,Male,1-Jul-23,SA,8021971799,claffanim@twitter.com,Grey
672,Emmie,Kittow,Genderqueer,20-Feb-23,QLD,1355650949,ekittowin@europa.eu,Griffith
673,Felice,Treher,Male,19-May-23,QLD,4641990138,ftreherio@weibo.com,Groom
674,Cristabel,Jopson,Female,8-Oct-22,WA,1256520758,cjopsonip@craigslist.org,Hasluck
675,Bertie,Neeves,Male,28-Jun-23,VIC,3417164946,bneevesiq@reverbnation.com,Hawke
676,Moise,Hehir,Male,20-Mar-23,QLD,5532276847,mhehirir@instagram.com,Herbert
677,Sylvan,Annon,Male,7-Feb-23,VIC,6134022736,sannonis@weibo.com,Higgins
678,Nevil,Simonot,Male,9-Jun-23,SA,6024568898,nsimonotit@mtv.com,Hindmarsh
679,Prissie,Lodin,Polygender,20-Feb-23,QLD,3459879602,plodiniu@sohu.com,Hinkler
680,Kendra,Scholtis,Female,13-Feb-23,VIC,6583316324,kscholtisiv@google.ru,Holt
681,Gilles,Yallowley,Male,2-May-23,VIC,3526563512,gyallowleyiw@hexun.com,Hotham
682,Dasha,Fellowes,Female,1-Oct-22,NSW,4002630058,dfellowesix@desdev.cn,Hughes
683,Emyle,Lown,Female,12-Jul-23,NSW,2318805064,elowniy@nifty.com,Hume
684,Ty,Frid,Male,15-Jan-23,NSW,8053526372,tfridiz@chronoengine.com,Hunter
685,Melisenda,Richford,Genderfluid,13-Aug-23,VIC,4516820263,mrichfordj0@google.com.br,Indi
686,Riobard,Falkner,Male,28-May-23,VIC,6662357591,rfalknerj1@ocn.ne.jp,Isaacs
687,Kerry,Brugger,Female,22-Jun-23,VIC,7063759115,kbruggerj2@t.co,Jagajaga
688,Livvy,Dealey,Female,19-Nov-22,QLD,5263661066,ldealeyj3@meetup.com,Kennedy
689,Kennie,Swyer-Sexey,Male,4-Jul-23,NSW,2255995938,kswyersexeyj4@netscape.com,Kingsford Smith
690,Sarge,Derks,Male,8-Sep-22,SA,9248682224,sderksj5@networksolutions.com,Kingston
691,Hurleigh,St. Pierre,Male,24-Jan-23,VIC,2216614669,hstpierrej6@vk.com,Kooyong
692,Tonya,Legg,Female,26-Dec-22,VIC,1164263768,tleggj7@skype.com,La Trobe
693,Ag,Joscelyn,Female,23-Jan-23,VIC,2318125160,ajoscelynj8@ovh.net,Lalor
694,Zorah,Chipperfield,Female,25-Apr-23,QLD,5522378033,zchipperfieldj9@census.gov,Leichhardt
695,Menard,Jerosch,Male,4-Mar-23,QLD,9622222692,mjeroschja@tmall.com,Lilley
696,Pru,Liccardo,Female,27-Sep-22,NSW,1266537716,pliccardojb@istockphoto.com,Lindsay
697,Randi,Cawcutt,Genderfluid,23-Jul-23,NT,5581734633,rcawcuttjc@trellian.com,Lingiari
698,Alanah,Burds,Female,27-Mar-23,QLD,1313756437,aburdsjd@usatoday.com,Longman
699,Wallie,Samwyse,Male,8-Nov-22,NSW,1255706237,wsamwyseje@va.gov,Lyne
700,Gail,Treadwell,Male,22-Feb-23,TAS,9017845572,gtreadwelljf@wp.com,Lyons
701,Venita,Ingledew,Female,27-Jun-23,NSW,3339315531,vingledewjg@privacy.gov.au,Macarthur
702,Garth,Doag,Male,31-Oct-22,NSW,8405431417,gdoagjh@wordpress.org,Mackellar
703,Onfre,Clapison,Male,30-Dec-22,VIC,9448938369,oclapisonji@yahoo.com,Macnamara
704,Frederique,Bousler,Polygender,26-Jan-23,NSW,2066976708,fbouslerjj@spiegel.de,Macquarie
705,Dante,Weatherhead,Male,3-Nov-22,SA,4353315037,dweatherheadjk@topsy.com,Makin
706,Erminie,Grafom,Female,28-Jan-23,VIC,7853796756,egrafomjl@ibm.com,Mallee
707,Jackie,Grunder,Male,13-Apr-23,QLD,6981987337,jgrunderjm@harvard.edu,Maranoa
708,Teresa,Goodrich,Female,9-Aug-23,VIC,3284646049,tgoodrichjn@vinaora.com,Maribyrnong
709,Riane,Simion,Female,28-Nov-22,SA,6019238280,rsimionjo@exblog.jp,Mayo
710,Celestyn,Chappel,Female,31-Mar-23,VIC,7632014787,cchappeljp@dagondesign.com,McEwen
711,Trey,Rablen,Male,9-Mar-23,NSW,7428162784,trablenjq@moonfruit.com,McMahon
712,Rog,Castane,Male,11-Apr-23,QLD,7984044186,rcastanejr@ustream.tv,McPherson
713,Wendy,Cawthron,Bigender,15-Aug-23,VIC,5437291638,wcawthronjs@jigsy.com,Melbourne
714,Alida,Shortcliffe,Female,30-Aug-23,VIC,7879433645,ashortcliffejt@marriott.com,Menzies
715,Jayne,Sattin,Genderfluid,24-Aug-23,NSW,8323389155,jsattinju@list-manage.com,Mitchell
716,Carissa,Thorogood,Bigender,12-Jan-23,VIC,7416667182,cthorogoodjv@a8.net,Monash
717,Fredrika,Enocksson,Genderqueer,4-Jan-23,QLD,7639544252,fenockssonjw@vkontakte.ru,Moncrieff
718,Edgardo,Rentoul,Male,21-Dec-22,WA,9172668355,erentouljx@cam.ac.uk,Moore
719,Dov,Biskup,Genderfluid,13-Jun-23,QLD,3198863592,dbiskupjy@xing.com,Moreton
720,Bibi,Longman,Female,12-Feb-23,NSW,8091177693,blongmanjz@squarespace.com,New England
721,Auberta,Scholl,Non-binary,6-May-23,NSW,2857669317,aschollk0@hud.gov,Newcastle
722,Florentia,Cathee,Female,7-Jan-23,VIC,4997439159,fcatheek1@artisteer.com,Nicholls
723,Raimondo,De Atta,Male,19-Feb-23,NSW,9188394710,rdeattak2@hubpages.com,North Sydney
724,Raviv,Greenstock,Male,2-Jan-23,WA,5389928253,rgreenstockk3@live.com,O'Connor
725,Jordon,Bottomore,Male,11-May-23,QLD,5744136661,jbottomorek4@amazon.de,Oxley
726,Eran,Humbee,Female,10-Jan-23,NSW,8331217883,ehumbeek5@istockphoto.com,Page
727,Darrick,Quenby,Male,26-Aug-23,NSW,4767639668,dquenbyk6@ibm.com,Parkes
728,Helene,Ivanusyev,Female,11-Jul-23,NSW,2218957104,hivanusyevk7@delicious.com,Parramatta
729,Julia,Postgate,Female,15-May-23,NSW,8253177230,jpostgatek8@narod.ru,Paterson
730,Crystie,Champness,Female,19-Jan-23,WA,1438358051,cchampnessk9@phoca.cz,Pearce
731,Nanine,Priest,Female,15-Jul-23,WA,8427851626,npriestka@google.fr,Perth
732,Morton,Koschke,Male,28-Mar-23,QLD,3466975110,mkoschkekb@ning.com,Petrie
733,Lavinia,Sailer,Female,28-Nov-22,QLD,6904597980,lsailerkc@fc2.com,Rankin
734,Joanne,Tuxill,Female,3-Jun-23,NSW,4518868352,jtuxillkd@dot.gov,Reid
735,Dita,Twinn,Female,29-Nov-22,NSW,2131830099,dtwinnke@instagram.com,Richmond
736,Desi,Ciepluch,Male,24-Oct-22,NSW,2349844705,dciepluchkf@wsj.com,Riverina
737,Yetty,Beavington,Female,21-Jan-23,NSW,7326340364,ybeavingtonkg@cnet.com,Robertson
738,Avril,Briscoe,Female,21-Sep-22,QLD,9736875021,abriscoekh@europa.eu,Ryan
739,Corbin,Newbold,Male,16-Mar-23,VIC,4542306860,cnewboldki@sourceforge.net,Scullin
740,Tully,Roumier,Male,31-Oct-22,NSW,9265140577,troumierkj@comsenz.com,Shortland
741,Tara,Flea,Female,2-Sep-23,NT,4938274378,tfleakk@ucla.edu,Solomon
742,Erasmus,Chatteris,Male,14-Mar-23,SA,2508986078,echatteriskl@artisteer.com,Spence
743,Carlee,Littlewood,Genderqueer,2-Feb-23,SA,1275386516,clittlewoodkm@opensource.org,Sturt
744,Paige,Courtes,Female,17-Jul-23,WA,8611914343,pcourteskn@comsenz.com,Swan
745,Spence,Copestick,Male,4-Oct-22,NSW,9601673838,scopestickko@ezinearticles.com,Sydney
746,Eleanora,Osbiston,Female,28-Nov-22,WA,2546054427,eosbistonkp@wufoo.com,Tangney
747,Karel,Goldberg,Genderfluid,14-Dec-22,VIC,7806249705,kgoldbergkq@deviantart.com,Wannon
748,Chadwick,Boullin,Male,1-Sep-23,NSW,3817072728,cboullinkr@pbs.org,Warringah
749,Sonnnie,Syphas,Female,26-Jun-23,NSW,1322917822,ssyphasks@google.co.uk,Watson
750,Killy,Witt,Genderfluid,22-Jun-23,NSW,6615922350,kwittkt@china.com.cn,Wentworth
751,Randie,Dawby,Male,27-Dec-22,NSW,3747134045,rdawbyku@google.com.hk,Werriwa
752,Eveleen,Torres,Female,19-Jan-23,NSW,7575044532,etorreskv@uol.com.br,Whitlam
753,Alphonse,Fraanchyonok,Male,27-Mar-23,QLD,7701407986,afraanchyonokkw@blog.com,Wide Bay
754,Carrissa,Chatters,Female,16-May-23,VIC,3036282010,cchatterskx@yolasite.com,Wills
755,Dill,Toulmin,Male,19-Apr-23,QLD,8622843098,dtoulminky@time.com,Wright
756,Ludwig,Skehan,Male,12-Nov-22,SA,9471327262,lskehankz@booking.com,Adelaide
757,Reena,Pegg,Female,21-Apr-23,VIC,3776104430,rpeggl0@disqus.com,Aston
758,Anet,Loughlan,Female,27-Jan-23,VIC,6068836049,aloughlanl1@comcast.net,Ballarat
759,Trula,Sturch,Female,19-Mar-23,NSW,3369542898,tsturchl2@live.com,Banks
760,Florida,Harce,Female,5-Jan-23,SA,1621671873,fharcel3@omniture.com,Barker
761,Luke,Arsey,Male,9-Aug-23,NSW,6226444197,larseyl4@tinyurl.com,Barton
762,Tyson,Bagnell,Non-binary,19-Jun-23,TAS,1492976472,tbagnelll5@123-reg.co.uk,Bass
763,Ignacius,Caseborne,Male,6-Sep-22,ACT,3476257665,icasebornel6@360.cn,Bean
764,Miner,Cornels,Non-binary,5-Dec-22,VIC,9218747985,mcornelsl7@cdc.gov,Bendigo
765,Toma,Bulward,Female,15-Oct-22,NSW,1736146008,tbulwardl8@amazon.de,Bennelong
766,Carrissa,Boorne,Female,24-May-23,NSW,7187222412,cboornel9@zimbio.com,Berowra
767,Renato,Laffin,Male,15-Jul-23,QLD,8832138817,rlaffinla@wsj.com,Blair
768,Timothy,Henrichsen,Male,23-Jun-23,NSW,3598226847,thenrichsenlb@ibm.com,Blaxland
769,Veronique,Hardson,Genderfluid,4-Aug-23,QLD,2542070091,vhardsonlc@ebay.com,Bonner
770,Jodie,Shirland,Bigender,27-Apr-23,SA,9621492606,jshirlandld@uiuc.edu,Boothby
771,Brooks,Arnaez,Male,22-Feb-23,QLD,4984399628,barnaezle@google.pl,Bowman
772,Skipper,Affuso,Male,17-Aug-23,TAS,8278340857,saffusolf@blogspot.com,Braddon
773,Fraze,Gowdy,Male,17-May-23,NSW,9629654952,fgowdylg@aboutads.info,Bradfield
774,Meredeth,Fagence,Male,29-Sep-22,WA,2785431057,mfagencelh@noaa.gov,Brand
775,Quinton,Malenfant,Male,12-Oct-22,QLD,3694134703,qmalenfantli@friendfeed.com,Brisbane
776,Sibylla,Oganesian,Female,29-Apr-23,VIC,9792100114,soganesianlj@fastcompany.com,Bruce
777,Valentin,Sydney,Bigender,27-Jul-23,WA,5764740360,vsydneylk@opensource.org,Burt
778,Nobie,O'Lynn,Male,31-Dec-22,NSW,6715758365,nolynnll@ftc.gov,Calare
779,Lucian,Benet,Male,17-Sep-22,VIC,4306880716,lbenetlm@irs.gov,Calwell
780,Aylmer,Sillars,Agender,2-Mar-23,ACT,2407737910,asillarsln@photobucket.com,Canberra
781,Friedrich,Pentelo,Male,15-Aug-23,WA,2139474076,fpentelolo@intel.com,Canning
782,Stefano,Aidler,Male,15-Jun-23,QLD,6614585930,saidlerlp@disqus.com,Capricornia
783,Manon,Dearl,Non-binary,19-Apr-23,VIC,4003375738,mdearllq@pen.io,Casey
784,Clarabelle,Goor,Female,24-Nov-22,NSW,3589776190,cgoorlr@japanpost.jp,Chifley
785,Steffie,Landells,Female,1-Aug-23,VIC,9045883770,slandellsls@squarespace.com,Chisholm
786,Martita,Dimmock,Female,8-Apr-23,TAS,6554701196,mdimmocklt@columbia.edu,Clark
787,Dayle,McKinie,Female,5-May-23,NSW,6822272957,dmckinielu@pinterest.com,Cook
788,Jeremiah,Redihalgh,Male,6-Feb-23,VIC,7104782206,jredihalghlv@facebook.com,Cooper
789,Maddy,Dugan,Male,24-Jul-23,VIC,5831403901,mduganlw@photobucket.com,Corangamite
790,Claybourne,Eouzan,Male,15-Aug-23,VIC,9395378167,ceouzanlx@google.com.au,Corio
791,Bryon,Musslewhite,Male,11-Dec-22,WA,4026909086,bmusslewhitely@clickbank.net,Cowan
792,Torrence,Glandon,Male,2-Oct-22,NSW,6872602016,tglandonlz@github.io,Cowper
793,Kaiser,Stanex,Male,6-Jul-23,NSW,2436251972,kstanexm0@si.edu,Cunningham
794,Jakob,Betke,Male,21-Nov-22,WA,8986472485,jbetkem1@deliciousdays.com,Curtin
795,Beatrisa,Ledamun,Female,19-May-23,QLD,9957556895,bledamunm2@freewebs.com,Dawson
796,Godart,Clyne,Male,20-Aug-23,VIC,9165928897,gclynem3@nationalgeographic.com,Deakin
797,Dilan,Beckerleg,Male,9-Feb-23,QLD,8771787126,dbeckerlegm4@google.ca,Dickson
798,Reinold,Cookman,Male,23-Oct-22,NSW,7624284646,rcookmanm5@google.com,Dobell
799,Ruthy,Pawlick,Female,25-Aug-23,VIC,2267058842,rpawlickm6@hibu.com,Dunkley
800,Filmore,Corlett,Male,5-May-23,WA,7779506999,fcorlettm7@mashable.com,Durack
801,Nissie,Pringell,Female,11-May-23,NSW,3463520554,npringellm8@creativecommons.org,Eden-Monaro
802,Perry,Croke,Male,23-Oct-22,QLD,9516377647,pcrokem9@livejournal.com,Fadden
803,Byrle,Strowlger,Male,7-Oct-22,QLD,8895913773,bstrowlgerma@list-manage.com,Fairfax
804,Grantham,Antonioni,Male,14-Mar-23,NSW,2262482512,gantonionimb@jimdo.com,Farrer
805,Freida,Mellhuish,Female,31-Mar-23,ACT,3596345582,fmellhuishmc@flickr.com,Fenner
806,Shel,Elvish,Female,18-Feb-23,QLD,4588431044,selvishmd@hc360.com,Fisher
807,Sandro,Morpeth,Non-binary,10-Nov-22,VIC,6173295845,smorpethme@booking.com,Flinders
808,Tobie,Kennington,Male,11-May-23,QLD,1177877600,tkenningtonmf@mashable.com,Flynn
809,Fax,Willson,Male,30-May-23,QLD,2573883007,fwillsonmg@chron.com,Forde
810,Townsend,Petyt,Male,24-Mar-23,WA,9187948006,tpetytmh@nydailynews.com,Forrest
811,Sasha,Todarello,Female,23-Jan-23,NSW,6888062248,stodarellomi@360.cn,Fowler
812,Moe,Ianelli,Male,11-Mar-23,TAS,7093336891,mianellimj@w3.org,Franklin
813,Basilio,Bairnsfather,Male,10-Apr-23,VIC,3979912736,bbairnsfathermk@ebay.com,Fraser
814,Odell,Huggill,Male,17-Aug-23,WA,6033617613,ohuggillml@nifty.com,Fremantle
815,Bev,Greedy,Female,18-Jul-23,VIC,7686974253,bgreedymm@tinypic.com,Gellibrand
816,Martie,Hardbattle,Non-binary,3-Mar-23,NSW,6627755111,mhardbattlemn@globo.com,Gilmore
817,Charisse,Constantine,Female,7-Apr-23,VIC,2434773773,cconstantinemo@google.pl,Gippsland
818,Chas,Josovich,Male,11-Nov-22,VIC,8588150932,cjosovichmp@who.int,Goldstein
819,Rosemaria,Haughey,Female,10-Nov-22,VIC,9297491677,rhaugheymq@sun.com,Gorton
820,Hillier,Mizen,Male,2-Jul-23,NSW,9088914969,hmizenmr@un.org,Grayndler
821,Archaimbaud,Rutter,Male,21-Nov-22,NSW,1333809861,arutterms@google.com.au,Greenway
822,Kessia,Bridgman,Bigender,19-Sep-22,SA,9106852523,kbridgmanmt@t.co,Grey
823,Coleen,Rummins,Female,24-Jan-23,QLD,5343476984,crumminsmu@kickstarter.com,Griffith
824,Lottie,Fraczek,Female,22-Mar-23,QLD,3355786956,lfraczekmv@uol.com.br,Groom
825,Roderigo,Marcos,Male,4-Oct-22,WA,4495595435,rmarcosmw@prnewswire.com,Hasluck
826,Matthieu,Brotherhood,Genderfluid,21-Feb-23,VIC,4711949841,mbrotherhoodmx@yelp.com,Hawke
827,Gibbie,Pittam,Male,15-Mar-23,QLD,9423287950,gpittammy@ucoz.ru,Herbert
828,Javier,Betjes,Male,12-Jan-23,VIC,6659485467,jbetjesmz@etsy.com,Higgins
829,Glory,Sides,Female,31-Aug-23,SA,1469652907,gsidesn0@cbsnews.com,Hindmarsh
830,Hulda,Grennan,Female,28-Feb-23,QLD,5107439650,hgrennann1@topsy.com,Hinkler
831,Clea,Playle,Female,12-Jul-23,VIC,9337568496,cplaylen2@jimdo.com,Holt
832,Pooh,Gipson,Male,23-Nov-22,VIC,5344095615,pgipsonn3@tripadvisor.com,Hotham
833,Joletta,Purvess,Female,24-Sep-22,NSW,4191647138,jpurvessn4@alibaba.com,Hughes
834,Estel,Ducham,Genderfluid,4-Oct-22,NSW,6569236326,educhamn5@nifty.com,Hume
835,Hurley,Late,Genderqueer,15-Feb-23,NSW,2395874976,hlaten6@engadget.com,Hunter
836,Jesus,Giottini,Male,7-Jul-23,VIC,9481228167,jgiottinin7@fema.gov,Indi
837,Jarrett,Couth,Male,2-Jul-23,VIC,6789985368,jcouthn8@examiner.com,Isaacs
838,Annabelle,Edgecumbe,Female,18-Apr-23,VIC,9358989095,aedgecumben9@scribd.com,Jagajaga
839,Jill,Tschirasche,Female,23-Jul-23,QLD,7265735343,jtschiraschena@ucsd.edu,Kennedy
840,Siusan,Adamiak,Female,29-Sep-22,NSW,7464683886,sadamiaknb@twitter.com,Kingsford Smith
841,Kylen,Volkes,Female,6-Apr-23,SA,2738483665,kvolkesnc@answers.com,Kingston
842,Hildagard,Donizeau,Female,30-Aug-23,VIC,1712635080,hdonizeaund@pbs.org,Kooyong
843,Tilda,Mallindine,Female,19-Dec-22,VIC,7863952058,tmallindinene@pagesperso-orange.fr,La Trobe
844,Leanor,Laflin,Female,6-Jun-23,VIC,6779271419,llaflinnf@tamu.edu,Lalor
845,Idelle,Lyenyng,Female,28-Apr-23,QLD,2043459525,ilyenyngng@is.gd,Leichhardt
846,Karry,Horribine,Agender,23-Jan-23,QLD,8113004172,khorribinenh@washington.edu,Lilley
847,Chere,Treadway,Female,2-Jan-23,NSW,1783625201,ctreadwayni@cmu.edu,Lindsay
848,Lorinda,Hastler,Female,25-Oct-22,NT,5046273634,lhastlernj@indiegogo.com,Lingiari
849,Gilberto,Hazart,Male,5-Sep-23,QLD,9087026968,ghazartnk@dedecms.com,Longman
850,Margie,McCrainor,Female,17-Dec-22,NSW,8363007690,mmccrainornl@yelp.com,Lyne
851,Adler,Girardet,Male,14-Apr-23,TAS,8787691231,agirardetnm@techcrunch.com,Lyons
852,Hodge,Attenbrow,Male,6-Dec-22,NSW,2677280589,hattenbrownn@naver.com,Macarthur
853,Derry,Matusovsky,Male,28-Feb-23,NSW,1351330918,dmatusovskyno@ustream.tv,Mackellar
854,Lynde,Oager,Female,18-Jan-23,VIC,3075584088,loagernp@nbcnews.com,Macnamara
855,Franky,Robbs,Male,7-Oct-22,NSW,9254395591,frobbsnq@china.com.cn,Macquarie
856,Hayward,Brightwell,Male,20-Apr-23,SA,9653316337,hbrightwellnr@lycos.com,Makin
857,Ted,Bartolomeotti,Male,4-Sep-23,VIC,9378580790,tbartolomeottins@amazon.co.jp,Mallee
858,Omero,Praundl,Male,20-Jun-23,QLD,7846466729,opraundlnt@flickr.com,Maranoa
859,Lauree,Shingler,Female,24-Jan-23,VIC,4622355721,lshinglernu@wix.com,Maribyrnong
860,Edeline,Leyban,Female,18-Oct-22,SA,5383089611,eleybannv@wikimedia.org,Mayo
861,Glenn,Cheers,Female,16-Jun-23,VIC,9047192209,gcheersnw@imageshack.us,McEwen
862,Pammy,Cuskery,Female,12-May-23,NSW,7163763143,pcuskerynx@wunderground.com,McMahon
863,Fairlie,Neighbour,Male,2-May-23,QLD,8396319560,fneighbourny@hubpages.com,McPherson
864,Blinnie,Kubasek,Female,20-Nov-22,VIC,4736134320,bkubaseknz@abc.net.au,Melbourne
865,William,Wollard,Male,13-May-23,VIC,1992201712,wwollardo0@blogger.com,Menzies
866,Rice,Kilroy,Genderfluid,27-Dec-22,NSW,7952988243,rkilroyo1@hostgator.com,Mitchell
867,Galina,Turone,Female,19-Apr-23,VIC,1196841644,gturoneo2@aboutads.info,Monash
868,Theodore,Cratchley,Male,27-Mar-23,QLD,3406057905,tcratchleyo3@ycombinator.com,Moncrieff
869,Aloysius,Walling,Male,30-Oct-22,WA,8722398143,awallingo4@paypal.com,Moore
870,Ole,Rapson,Male,7-Apr-23,QLD,3229830591,orapsono5@wikipedia.org,Moreton
871,Amargo,Guillart,Female,7-Mar-23,NSW,5516902203,aguillarto6@psu.edu,New England
872,Glenden,Aynscombe,Male,28-Apr-23,NSW,8043018148,gaynscombeo7@google.co.uk,Newcastle
873,Brendis,Dibble,Male,13-Jun-23,VIC,8332090915,bdibbleo8@bravesites.com,Nicholls
874,Cory,McGinty,Male,13-Mar-23,NSW,5367476558,cmcgintyo9@friendfeed.com,North Sydney
875,Van,Muggleton,Male,28-Feb-23,WA,1644059853,vmuggletonoa@prlog.org,O'Connor
876,Chet,Molian,Male,21-Apr-23,QLD,9207090779,cmolianob@guardian.co.uk,Oxley
877,Ossie,Figgs,Non-binary,21-Jun-23,NSW,1764810561,ofiggsoc@independent.co.uk,Page
878,Lief,Embling,Non-binary,28-Jan-23,NSW,7952601840,lemblingod@shop-pro.jp,Parkes
879,Corrie,Hannon,Male,26-Dec-22,NSW,8854018033,channonoe@forbes.com,Parramatta
880,Guy,McSpirron,Male,27-Oct-22,NSW,9751313519,gmcspirronof@sciencedaily.com,Paterson
881,Lurlene,Ianson,Female,26-Apr-23,WA,6229142126,liansonog@oakley.com,Pearce
882,Kermie,Brayley,Male,29-Aug-23,WA,7283208390,kbrayleyoh@scribd.com,Perth
883,Ozzie,Crambie,Male,25-May-23,QLD,4709913694,ocrambieoi@surveymonkey.com,Petrie
884,Cameron,Dorre,Male,12-Sep-22,QLD,2969216361,cdorreoj@timesonline.co.uk,Rankin
885,Mandi,Sawley,Female,29-Jan-23,NSW,5611038301,msawleyok@usda.gov,Reid
886,Roch,Arnoll,Female,2-May-23,NSW,4808552995,rarnollol@liveinternet.ru,Richmond
887,Harry,Handlin,Agender,24-Oct-22,NSW,4848561231,hhandlinom@taobao.com,Riverina
888,Roscoe,Wells,Male,6-Nov-22,NSW,8353245494,rwellson@cpanel.net,Robertson
889,Jsandye,Pittet,Female,14-Dec-22,QLD,7807711273,jpittetoo@a8.net,Ryan
890,John,Zelake,Male,18-Dec-22,VIC,1032765245,jzelakeop@t-online.de,Scullin
891,Sly,Reynault,Male,9-Sep-22,NSW,5006013469,sreynaultoq@facebook.com,Shortland
892,Sidney,Easseby,Male,28-Jul-23,NT,8858997288,seassebyor@technorati.com,Solomon
893,Cyrill,Foulcher,Male,30-Aug-23,SA,6856768387,cfoulcheros@guardian.co.uk,Spence
894,Jacky,Parmby,Female,20-Aug-23,SA,8003290062,jparmbyot@blinklist.com,Sturt
895,Claudelle,Digges,Genderqueer,10-Feb-23,WA,3063347866,cdiggesou@mapquest.com,Swan
896,Finley,Presidey,Genderqueer,22-Jan-23,NSW,2101630763,fpresideyov@booking.com,Sydney
897,Ferne,Maggs,Female,31-May-23,WA,1343359565,fmaggsow@marriott.com,Tangney
898,Sheilakathryn,Whilde,Female,22-Oct-22,VIC,8417664392,swhildeox@domainmarket.com,Wannon
899,Adolphus,Randleson,Male,12-Dec-22,NSW,5408977555,arandlesonoy@mapy.cz,Warringah
900,Cass,Wittering,Female,23-Dec-22,NSW,1912521679,cwitteringoz@amazon.co.jp,Watson
901,Dolorita,Biasioli,Female,30-May-23,NSW,3487389192,dbiasiolip0@themeforest.net,Wentworth
902,Ethe,Chaddock,Male,9-Apr-23,NSW,3285643738,echaddockp1@homestead.com,Werriwa
903,Natty,Josilowski,Female,14-May-23,NSW,9121855785,njosilowskip2@cbc.ca,Whitlam
904,Ofelia,Hanner,Female,16-Nov-22,QLD,6631572630,ohannerp3@angelfire.com,Wide Bay
905,Fey,Reef,Female,9-Nov-22,VIC,7487798328,freefp4@mayoclinic.com,Wills
906,Prissie,McCaskill,Female,19-Sep-22,QLD,8737405376,pmccaskillp5@army.mil,Wright
907,Kellsie,Sykes,Female,21-Feb-23,SA,3417142447,ksykesp6@twitter.com,Adelaide
908,Devonna,Dumpleton,Female,18-Apr-23,VIC,5383625165,ddumpletonp7@yellowpages.com,Aston
909,Berni,Heggman,Female,2-Jun-23,VIC,8364039311,bheggmanp8@cbsnews.com,Ballarat
910,Zahara,Kirrage,Female,27-Jan-23,NSW,6955658313,zkirragep9@sitemeter.com,Banks
911,Franzen,Jonah,Polygender,27-Nov-22,SA,3148073770,fjonahpa@nytimes.com,Barker
912,Weider,Beddows,Genderfluid,18-May-23,NSW,9073577222,wbeddowspb@dailymotion.com,Barton
913,Debbi,Worsall,Agender,30-Oct-22,TAS,5418474780,dworsallpc@google.pl,Bass
914,Joey,MacLaughlin,Female,21-Mar-23,ACT,8566395392,jmaclaughlinpd@blogspot.com,Bean
915,Odelia,Leeming,Bigender,15-Nov-22,VIC,3182846332,oleemingpe@i2i.jp,Bendigo
916,Budd,Burston,Male,26-Jun-23,NSW,2688029305,bburstonpf@hexun.com,Bennelong
917,Teodoro,Lelliott,Male,1-Jul-23,NSW,7594147447,tlelliottpg@pagesperso-orange.fr,Berowra
918,Cammy,McCaghan,Female,2-Apr-23,QLD,6951027019,cmccaghanph@shareasale.com,Blair
919,Bendick,Coulthard,Male,6-Jun-23,NSW,8528806413,bcoulthardpi@51.la,Blaxland
920,Kristopher,Winham,Male,6-Nov-22,QLD,5639733149,kwinhampj@prlog.org,Bonner
921,Tomlin,Dunbobin,Non-binary,8-Jun-23,SA,9757289680,tdunbobinpk@sohu.com,Boothby
922,Wileen,Allderidge,Female,3-Dec-22,QLD,7064931515,wallderidgepl@shop-pro.jp,Bowman
923,Merrick,Rankling,Male,10-Jul-23,TAS,1511496499,mranklingpm@samsung.com,Braddon
924,Quentin,Merle,Female,28-Apr-23,NSW,7987860776,qmerlepn@imageshack.us,Bradfield
925,Kellen,Fallis,Bigender,25-Aug-23,WA,6479162144,kfallispo@latimes.com,Brand
926,Cynthia,Norrington,Female,4-Jul-23,QLD,3728795450,cnorringtonpp@wikia.com,Brisbane
927,Maynord,Videneev,Male,22-Sep-22,VIC,9773892749,mvideneevpq@ibm.com,Bruce
928,Gloria,MacFadden,Genderfluid,9-Dec-22,WA,5504118337,gmacfaddenpr@accuweather.com,Burt
929,Hartwell,Oates,Male,13-Nov-22,NSW,5493127310,hoatesps@epa.gov,Calare
930,Feodor,Ryder,Male,28-Mar-23,VIC,6301219791,fryderpt@netlog.com,Calwell
931,Worthy,Hayesman,Male,14-May-23,ACT,5151076631,whayesmanpu@unc.edu,Canberra
932,Eolande,Gresty,Female,6-Nov-22,WA,4788648247,egrestypv@amazon.com,Canning
933,Gabbie,Cavnor,Male,1-Nov-22,QLD,1696865578,gcavnorpw@google.es,Capricornia
934,Feliza,Creavan,Female,16-Jan-23,VIC,2418483888,fcreavanpx@altervista.org,Casey
935,Augusta,Stebbin,Female,4-Jun-23,NSW,2803828784,astebbinpy@simplemachines.org,Chifley
936,Hyacintha,Blundell,Female,13-Jul-23,VIC,6313895965,hblundellpz@nyu.edu,Chisholm
937,Binnie,Rosettini,Female,1-Apr-23,TAS,9758386330,brosettiniq0@google.co.uk,Clark
938,Sal,Huban,Male,3-Sep-23,NSW,9372596141,shubanq1@prweb.com,Cook
939,Mathian,Rivallant,Male,8-Dec-22,VIC,2179928895,mrivallantq2@xing.com,Cooper
940,Marv,Beardsley,Male,30-Oct-22,VIC,3421748544,mbeardsleyq3@seesaa.net,Corangamite
941,Charlot,Stolli,Female,3-Sep-23,VIC,8269759278,cstolliq4@nymag.com,Corio
942,Kip,McCarver,Female,3-Feb-23,WA,7155146658,kmccarverq5@apple.com,Cowan
943,Kirby,St Ledger,Genderqueer,5-Feb-23,NSW,5246037988,kstledgerq6@cornell.edu,Cowper
944,Charity,Tropman,Female,26-Jun-23,NSW,7717724405,ctropmanq7@state.tx.us,Cunningham
945,Katie,Ullyatt,Polygender,23-Jul-23,WA,7074109582,kullyattq8@state.gov,Curtin
946,Ana,Brownsworth,Female,12-Mar-23,QLD,8624084966,abrownsworthq9@mapy.cz,Dawson
947,Ediva,Pariso,Female,17-Mar-23,VIC,7722023459,eparisoqa@devhub.com,Deakin
948,Wilden,Avramchik,Male,5-Mar-23,QLD,7106037045,wavramchikqb@mapquest.com,Dickson
949,Erskine,Gaiford,Non-binary,17-Aug-23,NSW,8187477585,egaifordqc@ovh.net,Dobell
950,Susanne,Loosely,Female,7-Jan-23,VIC,8522983874,slooselyqd@bbc.co.uk,Dunkley
951,Barnabas,Paslow,Male,6-Jan-23,WA,3192729455,bpaslowqe@acquirethisname.com,Durack
952,Kin,Rubinowitz,Male,8-Apr-23,NSW,3229717394,krubinowitzqf@ca.gov,Eden-Monaro
953,Herb,Mannix,Male,23-Aug-23,QLD,5812154658,hmannixqg@google.fr,Fadden
954,Prudence,Sinclar,Female,6-Feb-23,QLD,5076857386,psinclarqh@webs.com,Fairfax
955,Finlay,Galliard,Male,18-Aug-23,NSW,4044568262,fgalliardqi@pinterest.com,Farrer
956,Gorden,Figgen,Male,23-Mar-23,ACT,7812647545,gfiggenqj@woothemes.com,Fenner
957,Sibley,Bierton,Female,9-Nov-22,QLD,5283503336,sbiertonqk@creativecommons.org,Fisher
958,Reinhard,Culcheth,Male,29-Mar-23,VIC,5485808690,rculchethql@cnn.com,Flinders
959,Chaddy,Debrett,Male,29-Jun-23,QLD,5091612142,cdebrettqm@squarespace.com,Flynn
960,Ezri,Olesen,Male,7-Aug-23,QLD,2151528376,eolesenqn@mlb.com,Forde
961,Glenine,Reddlesden,Female,4-Oct-22,WA,8603688960,greddlesdenqo@phoca.cz,Forrest
962,Wylie,Guidelli,Male,26-May-23,NSW,8162196181,wguidelliqp@google.cn,Fowler
963,Dulci,Witherop,Female,31-Mar-23,TAS,5614459357,dwitheropqq@admin.ch,Franklin
964,Ramsey,Gabbitas,Male,8-Jan-23,VIC,7718964576,rgabbitasqr@ebay.co.uk,Fraser
965,Engracia,Fulker,Female,12-Aug-23,WA,3843806768,efulkerqs@marketwatch.com,Fremantle
966,Silvie,O'Dyvoie,Female,9-Aug-23,VIC,3868065640,sodyvoieqt@plala.or.jp,Gellibrand
967,Nataline,Bifield,Female,22-Apr-23,NSW,8475631534,nbifieldqu@go.com,Gilmore
968,Heinrik,Nower,Male,27-Nov-22,VIC,4748725298,hnowerqv@ucla.edu,Gippsland
969,Tad,Riepel,Male,5-Oct-22,VIC,9228087033,triepelqw@digg.com,Goldstein
970,Kaitlin,Reignolds,Female,4-Mar-23,VIC,3287914766,kreignoldsqx@wikimedia.org,Gorton
971,Greer,Jeandet,Female,27-Jul-23,NSW,8675631054,gjeandetqy@sogou.com,Grayndler
972,Melva,Hargrove,Female,10-Dec-22,NSW,6671995860,mhargroveqz@creativecommons.org,Greenway
973,Hailey,Benz,Male,19-Feb-23,SA,3772148234,hbenzr0@google.cn,Grey
974,Carma,Mearns,Non-binary,13-Dec-22,QLD,1286904341,cmearnsr1@addthis.com,Griffith
975,Dix,Sprake,Female,13-Oct-22,QLD,7309904159,dspraker2@delicious.com,Groom
976,Bruno,Wollaston,Male,19-Nov-22,WA,7259822708,bwollastonr3@cloudflare.com,Hasluck
977,Wynnie,Defries,Female,3-Jul-23,VIC,9164960991,wdefriesr4@simplemachines.org,Hawke
978,Siusan,Oak,Female,24-Dec-22,QLD,8104425290,soakr5@quantcast.com,Herbert
979,Susette,Grzeskowski,Female,19-Apr-23,VIC,8105926547,sgrzeskowskir6@mozilla.org,Higgins
980,Ninette,Van der Brug,Female,1-Sep-23,SA,9501193703,nvanderbrugr7@cyberchimps.com,Hindmarsh
981,Sashenka,Maybury,Female,10-Oct-22,QLD,4698118828,smayburyr8@oaic.gov.au,Hinkler
982,Haily,Bernardelli,Male,2-Aug-23,VIC,8896829487,hbernardellir9@yellowpages.com,Holt
983,Findlay,Spatarul,Male,22-May-23,VIC,1916697396,fspatarulra@addthis.com,Hotham
984,Nolly,Fitt,Male,3-Sep-23,NSW,7883120723,nfittrb@vkontakte.ru,Hughes
985,Dorris,Marc,Female,13-Dec-22,NSW,3451523581,dmarcrc@va.gov,Hume
986,Arny,McGarel,Male,2-Jun-23,NSW,5567383345,amcgarelrd@naver.com,Hunter
987,Baillie,MacCague,Male,4-Jul-23,VIC,9909906618,bmaccaguere@samsung.com,Indi
988,Shaina,Hillitt,Polygender,29-Aug-23,VIC,2521269072,shillittrf@baidu.com,Isaacs
989,Errol,Colbeck,Male,1-Jun-23,VIC,5942812882,ecolbeckrg@unicef.org,Jagajaga
990,Arvin,Kynson,Male,3-Apr-23,QLD,1064995180,akynsonrh@newsvine.com,Kennedy
991,Carmelia,Rowena,Genderqueer,16-Jan-23,NSW,4116407982,crowenari@yahoo.co.jp,Kingsford Smith
992,Arvie,Foad,Male,23-Sep-22,SA,4739393055,afoadrj@seesaa.net,Kingston
993,Chip,Dullaghan,Male,19-Nov-22,VIC,3929318987,cdullaghanrk@dedecms.com,Kooyong
994,Hilarius,Adelberg,Male,18-Jun-23,VIC,8706365791,hadelbergrl@multiply.com,La Trobe
995,Kaela,Shapcote,Female,6-Mar-23,VIC,3764657604,kshapcoterm@google.es,Lalor
996,Weylin,Wloch,Male,30-Dec-22,QLD,2021562568,wwlochrn@prnewswire.com,Leichhardt
997,Terrance,Ible,Male,2-Feb-23,QLD,7746114156,tiblero@craigslist.org,Lilley
998,Roseann,Longega,Female,3-May-23,NSW,3346557655,rlongegarp@cnet.com,Lindsay
999,Tresa,Cannings,Female,7-May-23,NT,4774755780,tcanningsrq@independent.co.uk,Lingiari
1000,Ephrem,Bratch,Male,26-Aug-23,QLD,1502399425,ebratchrr@printfriendly.com,Longman
